timestamp,experiment_id,model_name,model_family,ligand_repr,protein_repr,fusion_strategy,n_params,epochs_trained,batch_size,learning_rate,split_type,n_train,n_val,n_test,val_rmse,val_pearson_r,val_spearman_r,test_rmse,test_pearson_r,test_spearman_r,train_time_sec,notes
2026-04-02 07:59:40 UTC,ridge_chemberta_600_esm2_8M_320,ridge_chemberta_600_esm2_8M_320,linear,chemberta_600,esm2_8M_320,concat,,,,,scaffold_bemis_murcko_seed42,17312,2673,4715,1.3406,0.4644,0.4309,1.4336,0.5202,0.4704,0.4,Full grid - new embeddings
2026-04-02 08:04:43 UTC,ridge_ecfp4_aac,ridge_ecfp4_aac,linear,ecfp4_1024,aac_20,concat,,,,,scaffold_bemis_murcko_seed42,17312,2673,4715,1.6564,0.2809,0.2515,1.5498,0.4339,0.3907,0.3,
2026-04-02 08:04:51 UTC,ridge_ecfp4_dipeptide,ridge_ecfp4_dipeptide,linear,ecfp4_1024,dipeptide_400,concat,,,,,scaffold_bemis_murcko_seed42,17312,2673,4715,1.467,0.4129,0.3464,1.4227,0.5243,0.4634,0.3,
2026-04-02 08:05:22 UTC,ridge_maccs_aac,ridge_maccs_aac,linear,maccs_167,aac_20,concat,,,,,scaffold_bemis_murcko_seed42,17312,2673,4715,1.345,0.3478,0.2903,1.3079,0.5025,0.4494,0.1,
2026-04-02 08:10:49 UTC,ridge_rdkit_aac,ridge_rdkit_aac,linear,rdkit_200,aac_20,concat,,,,,scaffold_bemis_murcko_seed42,17312,2673,4715,1.3516,0.3689,0.3056,1.2919,0.522,0.453,0.0,
2026-04-02 08:11:15 UTC,rf_ecfp4_aac,rf_ecfp4_aac,tree,ecfp4_1024,aac_20,concat,,,,,scaffold_bemis_murcko_seed42,17312,2673,4715,0.9869,0.7233,0.6586,1.0065,0.7467,0.6737,23.4,
2026-04-02 08:12:21 UTC,rf_ecfp4_dipeptide,rf_ecfp4_dipeptide,tree,ecfp4_1024,dipeptide_400,concat,,,,,scaffold_bemis_murcko_seed42,17312,2673,4715,0.976,0.729,0.6676,1.0192,0.7387,0.6636,62.1,
2026-04-02 08:12:27 UTC,xgb_ecfp4_aac,xgb_ecfp4_aac,tree,ecfp4_1024,aac_20,concat,,,,,scaffold_bemis_murcko_seed42,17312,2673,4715,1.0778,0.6546,0.5711,1.0523,0.7184,0.6399,2.5,
2026-04-02 08:13:14 UTC,xgb_ecfp6_kmer3,xgb_ecfp6_kmer3,tree,ecfp6_1024,kmer3_8000,concat,,,,,scaffold_bemis_murcko_seed42,17312,2673,4715,1.0437,0.6815,0.5988,1.0691,0.7073,0.6215,18.0,
2026-04-02 08:13:23 UTC,lgbm_ecfp4_aac,lgbm_ecfp4_aac,tree,ecfp4_1024,aac_20,concat,,,,,scaffold_bemis_murcko_seed42,17312,2673,4715,1.0861,0.648,0.5648,1.0528,0.7197,0.6395,5.8,
2026-04-02 08:13:58 UTC,mlp_shallow_ecfp4_aac,mlp_shallow_ecfp4_aac,mlp,ecfp4_1024,aac_20,concat,268546.0,71.0,128.0,0.0005,scaffold_bemis_murcko_seed42,17312,2673,4715,1.3664,0.484,0.4355,1.3285,0.588,0.5301,30.6,
2026-04-02 08:14:26 UTC,mlp_medium_ecfp4_dipeptide,mlp_medium_ecfp4_dipeptide,mlp,ecfp4_1024,dipeptide_400,concat,895874.0,52.0,128.0,0.0005,scaffold_bemis_murcko_seed42,17312,2673,4715,1.1475,0.6369,0.5736,1.1082,0.7019,0.6183,23.9,
2026-04-02 08:15:46 UTC,mlp_deep_ecfp6_kmer3,mlp_deep_ecfp6_kmer3,mlp,ecfp6_1024,kmer3_8000,concat,9942978.0,96.0,128.0,0.0005,scaffold_bemis_murcko_seed42,17312,2673,4715,1.0503,0.6902,0.6337,1.1926,0.6594,0.5805,72.5,
2026-04-02 08:16:23 UTC,mlp_wide_maccs_dipeptide,mlp_wide_maccs_dipeptide,mlp,maccs_167,dipeptide_400,concat,3269634.0,77.0,128.0,0.0005,scaffold_bemis_murcko_seed42,17312,2673,4715,1.0696,0.6777,0.633,1.1213,0.6999,0.6355,32.6,
2026-04-02 08:16:49 UTC,mlp_chemberta_aac,mlp_chemberta_aac,mlp,chemberta_600,aac_20,concat,570242.0,44.0,128.0,0.0005,scaffold_bemis_murcko_seed42,17312,2673,4715,1.2366,0.5394,0.4587,1.2032,0.6286,0.5666,21.3,
2026-04-02 08:17:28 UTC,mlp_chemberta_dipeptide,mlp_chemberta_dipeptide,mlp,chemberta_600,dipeptide_400,concat,764802.0,74.0,128.0,0.0005,scaffold_bemis_murcko_seed42,17312,2673,4715,1.1182,0.649,0.5873,1.1246,0.69,0.6182,34.2,
2026-04-02 08:17:47 UTC,mlp_ecfp4_esm2_8M,mlp_ecfp4_esm2_8M,mlp,ecfp4_1024,esm2_8M_320,concat,854914.0,31.0,128.0,0.0005,scaffold_bemis_murcko_seed42,17312,2673,4715,1.1027,0.6461,0.558,1.1293,0.6868,0.6002,15.1,
2026-04-02 08:18:12 UTC,mlp_chemberta_esm2_8M,mlp_chemberta_esm2_8M,mlp,chemberta_600,esm2_8M_320,concat,1816514.0,35.0,128.0,0.0005,scaffold_bemis_murcko_seed42,17312,2673,4715,1.1333,0.6197,0.5392,1.1931,0.6472,0.5923,20.2,
2026-04-02 08:30:43 UTC,mlp_chemberta_esm2_35M,mlp_chemberta_esm2_35M,mlp,chemberta_600,esm2_35M_480,concat,1980354.0,47.0,128.0,0.0005,scaffold_bemis_murcko_seed42,17312,2673,4715,1.1601,0.6101,0.5376,1.1692,0.6648,0.5966,26.4,
2026-04-02 08:30:55 UTC,xgb_chemberta_esm2_8M,xgb_chemberta_esm2_8M,tree,chemberta_600,esm2_8M_320,concat,,,,,scaffold_bemis_murcko_seed42,17312,2673,4715,1.1009,0.6359,0.5492,1.067,0.7101,0.6299,8.1,
2026-04-02 08:31:03 UTC,xgb_ecfp4_esm2_8M,xgb_ecfp4_esm2_8M,tree,ecfp4_1024,esm2_8M_320,concat,,,,,scaffold_bemis_murcko_seed42,17312,2673,4715,1.0382,0.6854,0.5992,1.0483,0.7207,0.6309,4.3,Ablation: ECFP4 + ESM-2 (protein upgrade only)
2026-04-02 08:31:12 UTC,xgb_chemberta_aac,xgb_chemberta_aac,tree,chemberta_600,aac_20,concat,,,,,scaffold_bemis_murcko_seed42,17312,2673,4715,1.1617,0.5817,0.4893,1.0893,0.695,0.6221,5.7,Ablation: ChemBERTa + AAC (ligand upgrade only)
2026-04-02 09:08:01 UTC,mlp_ecfp4_prot_electra,mlp_ecfp4_prot_electra,mlp,ecfp4_1024,prot_electra_256,concat,1346434.0,55.0,128.0,0.0005,scaffold_bemis_murcko_seed42,17312,2673,4715,1.0374,0.6928,0.6263,1.1129,0.696,0.6183,49.2,MLP + ECFP4 + ProtElectra-BFD 256-dim
2026-04-02 09:09:16 UTC,mlp_chemberta_prot_electra,mlp_chemberta_prot_electra,mlp,chemberta_600,prot_electra_256,concat,2799554.0,58.0,128.0,0.0005,scaffold_bemis_murcko_seed42,17312,2673,4715,1.0991,0.6522,0.5953,1.1466,0.6813,0.6188,64.8,MLP + ChemBERTa + ProtElectra-BFD 256-dim
2026-04-02 09:09:38 UTC,xgb_chemberta_prot_electra,xgb_chemberta_prot_electra,tree,chemberta_600,prot_electra_256,concat,,,,,scaffold_bemis_murcko_seed42,17312,2673,4715,1.089,0.6464,0.5648,1.058,0.7142,0.638,14.6,XGBoost + ChemBERTa + ProtElectra-BFD 256-dim
2026-04-02 09:10:29 UTC,transformer_ecfp4_aac,transformer_ecfp4_aac,transformer,ecfp4_1024,aac_20,concat,1631745.0,37.0,128.0,0.0005,scaffold_bemis_murcko_seed42,17312,2673,4715,1.2003,0.5534,0.5125,1.2095,0.6062,0.55,46.2,
2026-04-02 09:11:21 UTC,transformer_chemberta_esm2_8M,transformer_chemberta_esm2_8M,transformer,chemberta_600,esm2_8M_320,cross_attention,2402945.0,47.0,128.0,0.0005,scaffold_bemis_murcko_seed42,17312,2673,4715,1.1979,0.5912,0.5208,1.1583,0.6753,0.5982,46.9,
2026-04-02 09:11:52 UTC,transformer_chemberta_esm2_35M,transformer_chemberta_esm2_35M,transformer,chemberta_600,esm2_35M_480,cross_attention,2443905.0,27.0,128.0,0.0005,scaffold_bemis_murcko_seed42,17312,2673,4715,1.2038,0.554,0.4848,1.1914,0.6202,0.5519,27.4,
2026-04-02 09:12:23 UTC,cnn_smiles_onehot_aac,cnn_smiles_onehot_aac,cnn,smiles_onehot,aac_20,concat,184833.0,40.0,128.0,0.0005,scaffold_bemis_murcko_seed42,17312,2673,4715,1.4353,0.3583,0.3052,1.3787,0.5005,0.4371,24.7,
2026-04-02 09:27:07 UTC,lstm_smiles_char_protein_char,lstm_smiles_char_protein_char,lstm,smiles_char,protein_char,dual_encoder,4757825.0,44.0,128.0,0.0005,scaffold_bemis_murcko_seed42,17312,2673,4715,1.1478,0.6292,0.5731,1.2462,0.6257,0.5372,880.2,Simplest tokenization: 1 char = 1 token
2026-04-02 09:39:57 UTC,lstm_smiles_atom_protein_char,lstm_smiles_atom_protein_char,lstm,smiles_atom,protein_char,dual_encoder,4758849.0,38.0,128.0,0.0005,scaffold_bemis_murcko_seed42,17312,2673,4715,1.1549,0.6075,0.526,1.1654,0.6525,0.566,765.4,"Atom-aware SMILES tokenization (Br,Cl,[NH2+] as single tokens)"
2026-04-02 09:50:23 UTC,lstm_smiles_bpe512_protein_bpe512,lstm_smiles_bpe512_protein_bpe512,lstm,smiles_bpe_512,protein_bpe_512,dual_encoder,4819329.0,34.0,128.0,0.0005,scaffold_bemis_murcko_seed42,17312,2673,4715,1.1567,0.6134,0.5297,1.1947,0.646,0.573,621.7,BPE small vocab: learns sub-structure patterns
2026-04-02 09:59:17 UTC,lstm_smiles_bpe1000_protein_bpe1000,lstm_smiles_bpe1000_protein_bpe1000,lstm,smiles_bpe_1000,protein_bpe_1000,dual_encoder,4881793.0,30.0,128.0,0.0005,scaffold_bemis_murcko_seed42,17312,2673,4715,1.2137,0.5855,0.5151,1.2227,0.6321,0.588,530.0,BPE larger vocab: richer sub-structure patterns
2026-04-02 10:03:07 UTC,lstm_smiles_atom_protein_wordpiece512,lstm_smiles_atom_protein_wordpiece512,lstm,smiles_atom,protein_wordpiece_512,dual_encoder,4790081.0,42.0,128.0,0.0005,scaffold_bemis_murcko_seed42,17312,2673,4715,1.3092,0.4422,0.321,1.2608,0.5726,0.4523,226.8,WordPiece protein tokenization (BERT-style)
2026-04-02 10:14:41 UTC,transformer_seq_smiles_char_protein_char,transformer_seq_smiles_char_protein_char,transformer_seq,smiles_char,protein_char,dual_encoder,1049601.0,32.0,128.0,0.0005,scaffold_bemis_murcko_seed42,17312,2673,4715,1.1875,0.56,0.4882,1.2215,0.5985,0.5097,689.9,"Learned-embedding transformer, character tokenization"
2026-04-02 10:25:33 UTC,transformer_seq_smiles_atom_protein_char,transformer_seq_smiles_atom_protein_char,transformer_seq,smiles_atom,protein_char,dual_encoder,1051649.0,30.0,128.0,0.0005,scaffold_bemis_murcko_seed42,17312,2673,4715,1.1613,0.5818,0.5212,1.2096,0.6061,0.5138,647.4,"Learned-embedding transformer, atom-level SMILES"
2026-04-02 10:33:30 UTC,transformer_seq_smiles_bpe512_protein_bpe512,transformer_seq_smiles_bpe512_protein_bpe512,transformer_seq,smiles_bpe_512,protein_bpe_512,dual_encoder,1172609.0,24.0,128.0,0.0005,scaffold_bemis_murcko_seed42,17312,2673,4715,1.2162,0.5244,0.4609,1.2282,0.5861,0.5342,473.4,"Learned-embedding transformer, BPE-512"
2026-04-02 10:43:32 UTC,transformer_seq_smiles_bpe1000_protein_bpe1000,transformer_seq_smiles_bpe1000_protein_bpe1000,transformer_seq,smiles_bpe_1000,protein_bpe_1000,dual_encoder,1297537.0,31.0,128.0,0.0005,scaffold_bemis_murcko_seed42,17312,2673,4715,1.1801,0.5777,0.5238,1.5254,0.5091,0.5009,598.0,"Learned-embedding transformer, BPE-1000"
2026-04-02 10:45:52 UTC,transformer_seq_smiles_atom_protein_wordpiece512,transformer_seq_smiles_atom_protein_wordpiece512,transformer_seq,smiles_atom,protein_wordpiece_512,dual_encoder,1114113.0,31.0,128.0,0.0005,scaffold_bemis_murcko_seed42,17312,2673,4715,1.3839,0.2997,0.2009,1.336,0.4881,0.3535,135.9,"Learned-embedding transformer, WordPiece protein"
2026-04-02 11:00:33 UTC,distmat_cnn_aac,distmat_cnn_aac,distmat_cnn,distmat_100,aac_20,distmat,1285345.0,54.0,128.0,0.0005,scaffold_bemis_murcko_seed42,17312,2673,4715,1.2815,0.4546,0.406,1.303,0.5112,0.4726,866.8,2D CNN on RDKit topological distance matrix + AAC
2026-04-02 11:26:09 UTC,distmat_cnn_esm2_8M,distmat_cnn_esm2_8M,distmat_cnn,distmat_100,esm2_8M_320,distmat,1438945.0,77.0,128.0,0.0005,scaffold_bemis_murcko_seed42,17312,2673,4715,1.1188,0.6319,0.5758,1.1147,0.6902,0.6195,1235.2,2D CNN on RDKit distance matrix + ESM-2 8M
2026-04-02 11:27:22 UTC,gcn_ecfp_aac,gcn_ecfp_aac,gcn,mol_graph,aac_20,graph,251777.0,42.0,128.0,0.0005,scaffold_bemis_murcko_seed42,17312,2673,4715,1.2649,0.4666,0.3767,1.3472,0.5171,0.4694,48.9,3-layer GCN + AAC protein vector
2026-04-02 11:29:25 UTC,gcn_ecfp_esm2_8M,gcn_ecfp_esm2_8M,gcn,mol_graph,esm2_8M_320,graph,405377.0,70.0,128.0,0.0005,scaffold_bemis_murcko_seed42,17312,2673,4715,1.1099,0.64,0.5653,1.2158,0.64,0.5964,98.6,3-layer GCN + ESM-2 8M protein
2026-04-02 11:31:35 UTC,gat_ecfp_aac,gat_ecfp_aac,gat,mol_graph,aac_20,graph,252545.0,38.0,128.0,0.0005,scaffold_bemis_murcko_seed42,17312,2673,4715,1.29,0.4356,0.3231,1.3525,0.5089,0.4499,101.4,3-layer GAT (4 heads) + AAC protein vector
2026-04-02 11:33:57 UTC,gat_ecfp_esm2_8M,gat_ecfp_esm2_8M,gat,mol_graph,esm2_8M_320,graph,406145.0,34.0,128.0,0.0005,scaffold_bemis_murcko_seed42,17312,2673,4715,1.1526,0.5948,0.5305,1.2551,0.5978,0.5623,93.8,3-layer GAT (4 heads) + ESM-2 8M protein
2026-04-02 11:34:56 UTC,bica_ecfp4_aac,bica_ecfp4_aac,bica,ecfp4_1024,aac_20,bidirectional_cross_attn,1356545.0,23.0,128.0,0.0005,scaffold_bemis_murcko_seed42,17312,2673,4715,1.2706,0.5029,0.4241,1.3081,0.5587,0.4896,38.0,BiCA flat vectors: ECFP4 + AAC (each unsqueezed to seq_len=1)
2026-04-02 11:36:37 UTC,bica_chemberta_esm2_8M,bica_chemberta_esm2_8M,bica,chemberta_600,esm2_8M_320,bidirectional_cross_attn,1367809.0,36.0,128.0,0.0005,scaffold_bemis_murcko_seed42,17312,2673,4715,1.1993,0.5849,0.5044,1.1764,0.6551,0.5806,60.2,BiCA flat vectors: ChemBERTa + ESM-2 8M
2026-04-02 12:13:05 UTC,bica_chemberta_prot_electra,bica_chemberta_prot_electra,bica,chemberta_600,prot_electra_256,bidirectional_cross_attn,1613569.0,46.0,128.0,0.0005,scaffold_bemis_murcko_seed42,17312,2673,4715,1.138,0.6073,0.5442,1.1858,0.631,0.5756,43.0,BiCA flat vectors: ChemBERTa + ProtElectra
2026-04-02 12:13:44 UTC,mlp_chemberta_esm2_8M_ranked,mlp_chemberta_esm2_8M_ranked,mlp,chemberta_600,esm2_8M_320,concat,1816514.0,41.0,128.0,0.0005,scaffold_bemis_murcko_seed42,17312,2673,4715,1.1205,0.6266,0.5504,1.1432,0.6647,0.598,34.4,Phase1: MLP + ChemBERTa + ESM-2 8M with pairwise ranking loss (MBP)
2026-04-02 12:14:34 UTC,bica_chemberta_esm2_8M_ranked,bica_chemberta_esm2_8M_ranked,bica,chemberta_600,esm2_8M_320,bidirectional_cross_attn,1367809.0,36.0,128.0,0.0005,scaffold_bemis_murcko_seed42,17312,2673,4715,1.1867,0.5743,0.4864,1.1798,0.6436,0.5643,44.5,Phase1: BiCA + ChemBERTa + ESM-2 8M with pairwise ranking loss (MBP)
2026-04-02 12:18:27 UTC,gat_ecfp_esm2_8M_ranked,gat_ecfp_esm2_8M_ranked,gat,mol_graph,esm2_8M_320,graph,406145.0,87.0,128.0,0.0005,scaffold_bemis_murcko_seed42,17312,2673,4715,1.1379,0.6133,0.5513,1.1963,0.6434,0.583,208.9,Phase1: GAT + ESM-2 8M with pairwise ranking loss (MBP)
2026-04-02 12:20:22 UTC,gcn_ecfp_esm2_8M_recon,gcn_ecfp_esm2_8M_recon,gcn,mol_graph,esm2_8M_320,graph,431951.0,50.0,128.0,0.0005,scaffold_bemis_murcko_seed42,17312,2673,4715,1.1144,0.6237,0.5598,1.2187,0.6132,0.561,91.0,Phase1: GCN + ESM-2 8M with GraphMAE node reconstruction aux loss
2026-04-02 12:23:59 UTC,gat_ecfp_esm2_8M_recon,gat_ecfp_esm2_8M_recon,gat,mol_graph,esm2_8M_320,graph,432719.0,60.0,128.0,0.0005,scaffold_bemis_murcko_seed42,17312,2673,4715,1.1186,0.6306,0.5727,1.2563,0.6148,0.566,190.6,Phase1: GAT + ESM-2 8M with GraphMAE node reconstruction aux loss
2026-04-02 12:24:04 UTC,ridge_chemberta_600_esm2_35M_480,ridge_chemberta_600_esm2_35M_480,linear,chemberta_600,esm2_35M_480,concat,,,,,scaffold_bemis_murcko_seed42,17312,2673,4715,1.3209,0.4751,0.4332,1.388,0.5539,0.4919,0.3,Full grid - new embeddings
2026-04-02 12:24:16 UTC,ridge_chemberta_600_prot_electra_256,ridge_chemberta_600_prot_electra_256,linear,chemberta_600,prot_electra_256,concat,,,,,scaffold_bemis_murcko_seed42,17312,2673,4715,1.2749,0.5303,0.4838,1.4497,0.5308,0.4838,0.7,Targeted: Ridge + ChemBERTa + ProtElectra
2026-04-02 12:24:45 UTC,ridge_chemberta_5M_esm2_8M_320,ridge_chemberta_5M_esm2_8M_320,linear,chemberta_5M,esm2_8M_320,concat,,,,,scaffold_bemis_murcko_seed42,17312,2673,4715,1.3716,0.4484,0.3511,1.2673,0.5802,0.507,0.2,Full grid - new embeddings
2026-04-02 12:24:49 UTC,ridge_chemberta_5M_esm2_35M_480,ridge_chemberta_5M_esm2_35M_480,linear,chemberta_5M,esm2_35M_480,concat,,,,,scaffold_bemis_murcko_seed42,17312,2673,4715,1.3393,0.4774,0.3874,1.2544,0.5951,0.5255,0.2,Full grid - new embeddings
2026-04-02 12:25:01 UTC,ridge_chemberta_5M_prot_electra_256,ridge_chemberta_5M_prot_electra_256,linear,chemberta_5M,prot_electra_256,concat,,,,,scaffold_bemis_murcko_seed42,17312,2673,4715,1.2939,0.5234,0.4452,1.3504,0.5484,0.5021,0.4,Full grid - new embeddings
2026-04-02 12:25:18 UTC,ridge_chemberta_77M_esm2_8M_320,ridge_chemberta_77M_esm2_8M_320,linear,chemberta_77M,esm2_8M_320,concat,,,,,scaffold_bemis_murcko_seed42,17312,2673,4715,1.3902,0.4417,0.4065,1.3248,0.5336,0.4481,0.2,Full grid - new embeddings
2026-04-02 12:25:22 UTC,ridge_chemberta_77M_esm2_35M_480,ridge_chemberta_77M_esm2_35M_480,linear,chemberta_77M,esm2_35M_480,concat,,,,,scaffold_bemis_murcko_seed42,17312,2673,4715,1.3538,0.4596,0.4187,1.3368,0.5374,0.4534,0.2,Full grid - new embeddings
2026-04-02 12:25:34 UTC,ridge_chemberta_77M_prot_electra_256,ridge_chemberta_77M_prot_electra_256,linear,chemberta_77M,prot_electra_256,concat,,,,,scaffold_bemis_murcko_seed42,17312,2673,4715,1.4092,0.4686,0.4407,1.3785,0.5189,0.4615,0.5,Full grid - new embeddings
2026-04-02 12:27:01 UTC,ridge_chemberta_100M_esm2_8M_320,ridge_chemberta_100M_esm2_8M_320,linear,chemberta_100M,esm2_8M_320,concat,,,,,scaffold_bemis_murcko_seed42,17312,2673,4715,1.356,0.4412,0.3921,1.4217,0.5028,0.4222,0.3,Full grid - new embeddings
2026-04-02 12:27:04 UTC,ridge_chemberta_100M_esm2_35M_480,ridge_chemberta_100M_esm2_35M_480,linear,chemberta_100M,esm2_35M_480,concat,,,,,scaffold_bemis_murcko_seed42,17312,2673,4715,1.3503,0.4593,0.4087,1.4187,0.5187,0.4351,0.3,Full grid - new embeddings
2026-04-02 12:27:17 UTC,ridge_chemberta_100M_prot_electra_256,ridge_chemberta_100M_prot_electra_256,linear,chemberta_100M,prot_electra_256,concat,,,,,scaffold_bemis_murcko_seed42,17312,2673,4715,1.3373,0.4899,0.4354,1.4448,0.5152,0.4389,0.8,Full grid - new embeddings
2026-04-02 12:30:05 UTC,xgb_chemberta_600_esm2_8M_320,xgb_chemberta_600_esm2_8M_320,tree,chemberta_600,esm2_8M_320,concat,,,,,scaffold_bemis_murcko_seed42,17312,2673,4715,1.1009,0.6359,0.5492,1.067,0.7101,0.6299,8.1,Full grid - new embeddings
2026-04-02 12:30:17 UTC,xgb_chemberta_600_esm2_35M_480,xgb_chemberta_600_esm2_35M_480,tree,chemberta_600,esm2_35M_480,concat,,,,,scaffold_bemis_murcko_seed42,17312,2673,4715,1.0887,0.6457,0.5744,1.0577,0.7147,0.6418,9.0,Full grid - new embeddings
2026-04-02 12:30:43 UTC,xgb_chemberta_600_prot_electra_256,xgb_chemberta_600_prot_electra_256,tree,chemberta_600,prot_electra_256,concat,,,,,scaffold_bemis_murcko_seed42,17312,2673,4715,1.089,0.6464,0.5648,1.058,0.7142,0.638,13.9,Targeted: XGB + ChemBERTa + ProtElectra
2026-04-02 12:30:52 UTC,xgb_chemberta_5M_esm2_8M_320,xgb_chemberta_5M_esm2_8M_320,tree,chemberta_5M,esm2_8M_320,concat,,,,,scaffold_bemis_murcko_seed42,17312,2673,4715,1.0865,0.6494,0.5716,1.0554,0.7169,0.6469,5.7,Full grid - new embeddings
2026-04-02 12:31:02 UTC,xgb_chemberta_5M_esm2_35M_480,xgb_chemberta_5M_esm2_35M_480,tree,chemberta_5M,esm2_35M_480,concat,,,,,scaffold_bemis_murcko_seed42,17312,2673,4715,1.066,0.6659,0.5814,1.0473,0.722,0.6517,6.4,Full grid - new embeddings
2026-04-02 12:31:26 UTC,xgb_chemberta_5M_prot_electra_256,xgb_chemberta_5M_prot_electra_256,tree,chemberta_5M,prot_electra_256,concat,,,,,scaffold_bemis_murcko_seed42,17312,2673,4715,1.0807,0.6531,0.571,1.0566,0.7152,0.6446,11.7,Full grid - new embeddings
2026-04-02 12:31:35 UTC,xgb_chemberta_77M_esm2_8M_320,xgb_chemberta_77M_esm2_8M_320,tree,chemberta_77M,esm2_8M_320,concat,,,,,scaffold_bemis_murcko_seed42,17312,2673,4715,1.0702,0.6607,0.585,1.0722,0.7055,0.6355,5.5,Full grid - new embeddings
2026-04-02 12:31:44 UTC,xgb_chemberta_77M_esm2_35M_480,xgb_chemberta_77M_esm2_35M_480,tree,chemberta_77M,esm2_35M_480,concat,,,,,scaffold_bemis_murcko_seed42,17312,2673,4715,1.0564,0.6716,0.5913,1.0771,0.703,0.6323,6.2,Full grid - new embeddings
2026-04-02 12:32:08 UTC,xgb_chemberta_77M_prot_electra_256,xgb_chemberta_77M_prot_electra_256,tree,chemberta_77M,prot_electra_256,concat,,,,,scaffold_bemis_murcko_seed42,17312,2673,4715,1.0628,0.6666,0.5952,1.0816,0.6991,0.6272,11.4,Full grid - new embeddings
2026-04-02 12:32:19 UTC,xgb_chemberta_100M_esm2_8M_320,xgb_chemberta_100M_esm2_8M_320,tree,chemberta_100M,esm2_8M_320,concat,,,,,scaffold_bemis_murcko_seed42,17312,2673,4715,1.0955,0.6399,0.5636,1.0718,0.7065,0.6286,8.0,Full grid - new embeddings
2026-04-02 12:32:31 UTC,xgb_chemberta_100M_esm2_35M_480,xgb_chemberta_100M_esm2_35M_480,tree,chemberta_100M,esm2_35M_480,concat,,,,,scaffold_bemis_murcko_seed42,17312,2673,4715,1.0929,0.6422,0.5665,1.0717,0.7059,0.6228,8.5,Full grid - new embeddings
2026-04-02 12:32:57 UTC,xgb_chemberta_100M_prot_electra_256,xgb_chemberta_100M_prot_electra_256,tree,chemberta_100M,prot_electra_256,concat,,,,,scaffold_bemis_murcko_seed42,17312,2673,4715,1.0848,0.649,0.5862,1.0775,0.7014,0.6188,13.7,Full grid - new embeddings
2026-04-02 13:38:39 UTC,ridge_chemberta_600_esm2_150M,ridge_chemberta_600_esm2_150M,linear,chemberta_600,esm2_150M,concat,,,,,scaffold_bemis_murcko_seed42,17312,2673,4715,1.3025,0.5063,0.4708,1.3948,0.5546,0.4908,0.6,Full grid - new embeddings
2026-04-02 15:19:32 UTC,ridge_chemberta_600_esm2_650M,ridge_chemberta_600_esm2_650M,linear,chemberta_600,esm2_650M,concat,,,,,scaffold_bemis_murcko_seed42,17312,2673,4715,1.2809,0.529,0.4803,1.4206,0.5556,0.5005,0.6,Full grid - new embeddings
2026-04-02 15:19:44 UTC,ridge_chemberta_5M_esm2_150M,ridge_chemberta_5M_esm2_150M,linear,chemberta_5M,esm2_150M,concat,,,,,scaffold_bemis_murcko_seed42,17312,2673,4715,1.2898,0.5205,0.4291,1.2545,0.5978,0.5225,0.2,Full grid - new embeddings
2026-04-02 15:19:48 UTC,ridge_chemberta_5M_esm2_650M,ridge_chemberta_5M_esm2_650M,linear,chemberta_5M,esm2_650M,concat,,,,,scaffold_bemis_murcko_seed42,17312,2673,4715,1.2911,0.5249,0.4375,1.3004,0.5832,0.52,0.4,Full grid - new embeddings
2026-04-02 15:19:59 UTC,ridge_chemberta_77M_esm2_150M,ridge_chemberta_77M_esm2_150M,linear,chemberta_77M,esm2_150M,concat,,,,,scaffold_bemis_murcko_seed42,17312,2673,4715,1.3961,0.463,0.4244,1.3173,0.5507,0.4674,0.3,Full grid - new embeddings
2026-04-02 15:20:03 UTC,ridge_chemberta_77M_esm2_650M,ridge_chemberta_77M_esm2_650M,linear,chemberta_77M,esm2_650M,concat,,,,,scaffold_bemis_murcko_seed42,17312,2673,4715,1.4026,0.4739,0.4416,1.346,0.5441,0.4745,0.4,Full grid - new embeddings
2026-04-02 15:20:15 UTC,ridge_chemberta_100M_esm2_150M,ridge_chemberta_100M_esm2_150M,linear,chemberta_100M,esm2_150M,concat,,,,,scaffold_bemis_murcko_seed42,17312,2673,4715,1.3285,0.4891,0.4394,1.4138,0.5296,0.4448,0.3,Full grid - new embeddings
2026-04-02 15:20:19 UTC,ridge_chemberta_100M_esm2_650M,ridge_chemberta_100M_esm2_650M,linear,chemberta_100M,esm2_650M,concat,,,,,scaffold_bemis_murcko_seed42,17312,2673,4715,1.331,0.4969,0.4368,1.4699,0.5181,0.4434,0.6,Full grid - new embeddings
2026-04-02 15:30:49 UTC,xgb_chemberta_600_esm2_150M,xgb_chemberta_600_esm2_150M,tree,chemberta_600,esm2_150M,concat,,,,,scaffold_bemis_murcko_seed42,17312,2673,4715,1.0926,0.6426,0.5634,1.0694,0.707,0.6258,10.8,Full grid - new embeddings
2026-04-02 15:31:08 UTC,xgb_chemberta_600_esm2_650M,xgb_chemberta_600_esm2_650M,tree,chemberta_600,esm2_650M,concat,,,,,scaffold_bemis_murcko_seed42,17312,2673,4715,1.0747,0.6571,0.5696,1.0522,0.718,0.639,15.2,Full grid - new embeddings
2026-04-02 15:31:27 UTC,xgb_chemberta_5M_esm2_150M,xgb_chemberta_5M_esm2_150M,tree,chemberta_5M,esm2_150M,concat,,,,,scaffold_bemis_murcko_seed42,17312,2673,4715,1.0523,0.6754,0.5939,1.0587,0.715,0.6397,7.8,Full grid - new embeddings
2026-04-02 15:31:43 UTC,xgb_chemberta_5M_esm2_650M,xgb_chemberta_5M_esm2_650M,tree,chemberta_5M,esm2_650M,concat,,,,,scaffold_bemis_murcko_seed42,17312,2673,4715,1.0646,0.666,0.5877,1.0434,0.7242,0.6478,12.1,Full grid - new embeddings
2026-04-02 15:32:02 UTC,xgb_chemberta_77M_esm2_150M,xgb_chemberta_77M_esm2_150M,tree,chemberta_77M,esm2_150M,concat,,,,,scaffold_bemis_murcko_seed42,17312,2673,4715,1.0716,0.6596,0.5738,1.0822,0.699,0.6302,7.6,Full grid - new embeddings
2026-04-02 15:32:17 UTC,xgb_chemberta_77M_esm2_650M,xgb_chemberta_77M_esm2_650M,tree,chemberta_77M,esm2_650M,concat,,,,,scaffold_bemis_murcko_seed42,17312,2673,4715,1.0476,0.6782,0.6028,1.0661,0.7098,0.6384,11.8,Full grid - new embeddings
2026-04-02 15:32:39 UTC,xgb_chemberta_100M_esm2_150M,xgb_chemberta_100M_esm2_150M,tree,chemberta_100M,esm2_150M,concat,,,,,scaffold_bemis_murcko_seed42,17312,2673,4715,1.0815,0.6517,0.579,1.077,0.7029,0.6161,10.8,Full grid - new embeddings
2026-04-02 15:32:57 UTC,xgb_chemberta_100M_esm2_650M,xgb_chemberta_100M_esm2_650M,tree,chemberta_100M,esm2_650M,concat,,,,,scaffold_bemis_murcko_seed42,17312,2673,4715,1.093,0.643,0.5646,1.0662,0.7094,0.6238,14.1,Full grid - new embeddings
2026-04-02 15:35:49 UTC,mlp_chemberta_600_esm2_8M_320,mlp_chemberta_600_esm2_8M_320,mlp,chemberta_600,esm2_8M_320,concat,723842.0,42.0,128.0,0.0005,scaffold_bemis_murcko_seed42,17312,2673,4715,1.1414,0.6196,0.5484,1.1091,0.6953,0.6231,34.6,Full grid - new embeddings
2026-04-02 15:36:24 UTC,mlp_chemberta_600_esm2_35M_480,mlp_chemberta_600_esm2_35M_480,mlp,chemberta_600,esm2_35M_480,concat,805762.0,36.0,128.0,0.0005,scaffold_bemis_murcko_seed42,17312,2673,4715,1.1359,0.6213,0.5448,1.1334,0.6779,0.609,29.9,Full grid - new embeddings
2026-04-02 15:37:03 UTC,mlp_chemberta_600_esm2_150M,mlp_chemberta_600_esm2_150M,mlp,chemberta_600,esm2_150M,concat,887682.0,41.0,128.0,0.0005,scaffold_bemis_murcko_seed42,17312,2673,4715,1.1189,0.6371,0.5784,1.158,0.6722,0.6136,33.8,Full grid - new embeddings
2026-04-02 15:37:50 UTC,mlp_chemberta_600_esm2_650M,mlp_chemberta_600_esm2_650M,mlp,chemberta_600,esm2_650M,concat,1215362.0,48.0,128.0,0.0005,scaffold_bemis_murcko_seed42,17312,2673,4715,1.0948,0.6523,0.5925,1.0901,0.7054,0.6397,40.7,Full grid - new embeddings
2026-04-02 15:38:57 UTC,mlp_chemberta_600_prot_electra_256,mlp_chemberta_600_prot_electra_256,mlp,chemberta_600,prot_electra_256,concat,1215362.0,62.0,128.0,0.0005,scaffold_bemis_murcko_seed42,17312,2673,4715,1.0725,0.6674,0.6072,1.0942,0.7078,0.6428,52.4,Targeted: MLP + ChemBERTa + ProtElectra
2026-04-02 15:39:43 UTC,mlp_chemberta_5M_esm2_8M_320,mlp_chemberta_5M_esm2_8M_320,mlp,chemberta_5M,esm2_8M_320,concat,527234.0,50.0,128.0,0.0005,scaffold_bemis_murcko_seed42,17312,2673,4715,1.0707,0.6672,0.6111,1.0744,0.7162,0.6562,41.2,Full grid - new embeddings
2026-04-02 15:40:24 UTC,mlp_chemberta_5M_esm2_35M_480,mlp_chemberta_5M_esm2_35M_480,mlp,chemberta_5M,esm2_35M_480,concat,609154.0,42.0,128.0,0.0005,scaffold_bemis_murcko_seed42,17312,2673,4715,1.096,0.6582,0.6056,1.1036,0.7059,0.6492,35.5,Full grid - new embeddings
2026-04-02 15:40:58 UTC,mlp_chemberta_5M_esm2_150M,mlp_chemberta_5M_esm2_150M,mlp,chemberta_5M,esm2_150M,concat,691074.0,34.0,128.0,0.0005,scaffold_bemis_murcko_seed42,17312,2673,4715,1.117,0.6385,0.582,1.1239,0.6865,0.6284,28.8,Full grid - new embeddings
2026-04-02 15:41:32 UTC,mlp_chemberta_5M_esm2_650M,mlp_chemberta_5M_esm2_650M,mlp,chemberta_5M,esm2_650M,concat,1018754.0,33.0,128.0,0.0005,scaffold_bemis_murcko_seed42,17312,2673,4715,1.086,0.6531,0.5901,1.1216,0.6797,0.6176,28.4,Full grid - new embeddings
2026-04-02 15:42:17 UTC,mlp_chemberta_5M_prot_electra_256,mlp_chemberta_5M_prot_electra_256,mlp,chemberta_5M,prot_electra_256,concat,1018754.0,37.0,128.0,0.0005,scaffold_bemis_murcko_seed42,17312,2673,4715,1.0637,0.669,0.618,1.1266,0.6805,0.6122,31.5,Full grid - new embeddings
2026-04-02 15:42:50 UTC,mlp_chemberta_77M_esm2_8M_320,mlp_chemberta_77M_esm2_8M_320,mlp,chemberta_77M,esm2_8M_320,concat,527234.0,33.0,128.0,0.0005,scaffold_bemis_murcko_seed42,17312,2673,4715,1.0611,0.676,0.5968,1.0796,0.7099,0.6439,27.3,Full grid - new embeddings
2026-04-02 15:43:38 UTC,mlp_chemberta_77M_esm2_35M_480,mlp_chemberta_77M_esm2_35M_480,mlp,chemberta_77M,esm2_35M_480,concat,609154.0,51.0,128.0,0.0005,scaffold_bemis_murcko_seed42,17312,2673,4715,1.1123,0.649,0.5904,1.0801,0.7158,0.6533,42.4,Full grid - new embeddings
2026-04-02 15:44:05 UTC,mlp_chemberta_77M_esm2_150M,mlp_chemberta_77M_esm2_150M,mlp,chemberta_77M,esm2_150M,concat,691074.0,27.0,128.0,0.0005,scaffold_bemis_murcko_seed42,17312,2673,4715,1.0984,0.6492,0.5764,1.1592,0.6681,0.6029,22.1,Full grid - new embeddings
2026-04-02 15:44:45 UTC,mlp_chemberta_77M_esm2_650M,mlp_chemberta_77M_esm2_650M,mlp,chemberta_77M,esm2_650M,concat,1018754.0,41.0,128.0,0.0005,scaffold_bemis_murcko_seed42,17312,2673,4715,1.0756,0.6717,0.6028,1.1115,0.6999,0.6244,34.5,Full grid - new embeddings
2026-04-02 15:45:26 UTC,mlp_chemberta_77M_prot_electra_256,mlp_chemberta_77M_prot_electra_256,mlp,chemberta_77M,prot_electra_256,concat,1018754.0,32.0,128.0,0.0005,scaffold_bemis_murcko_seed42,17312,2673,4715,1.0635,0.6708,0.6038,1.1405,0.6715,0.6133,26.6,Full grid - new embeddings
2026-04-02 15:45:52 UTC,mlp_chemberta_100M_esm2_8M_320,mlp_chemberta_100M_esm2_8M_320,mlp,chemberta_100M,esm2_8M_320,concat,723842.0,25.0,128.0,0.0005,scaffold_bemis_murcko_seed42,17312,2673,4715,1.2023,0.5557,0.4752,1.181,0.6333,0.5659,20.5,Full grid - new embeddings
2026-04-02 15:46:26 UTC,mlp_chemberta_100M_esm2_35M_480,mlp_chemberta_100M_esm2_35M_480,mlp,chemberta_100M,esm2_35M_480,concat,805762.0,34.0,128.0,0.0005,scaffold_bemis_murcko_seed42,17312,2673,4715,1.1239,0.624,0.5581,1.1665,0.6562,0.57,28.9,Full grid - new embeddings
2026-04-02 15:46:59 UTC,mlp_chemberta_100M_esm2_150M,mlp_chemberta_100M_esm2_150M,mlp,chemberta_100M,esm2_150M,concat,887682.0,32.0,128.0,0.0005,scaffold_bemis_murcko_seed42,17312,2673,4715,1.1355,0.6282,0.5435,1.144,0.6726,0.5986,27.0,Full grid - new embeddings
2026-04-02 15:47:41 UTC,mlp_chemberta_100M_esm2_650M,mlp_chemberta_100M_esm2_650M,mlp,chemberta_100M,esm2_650M,concat,1215362.0,42.0,128.0,0.0005,scaffold_bemis_murcko_seed42,17312,2673,4715,1.1133,0.6479,0.5762,1.1007,0.7027,0.6225,36.1,Full grid - new embeddings
2026-04-02 15:48:30 UTC,mlp_chemberta_100M_prot_electra_256,mlp_chemberta_100M_prot_electra_256,mlp,chemberta_100M,prot_electra_256,concat,1215362.0,41.0,128.0,0.0005,scaffold_bemis_murcko_seed42,17312,2673,4715,1.0915,0.6571,0.5967,1.1442,0.6746,0.6042,35.3,Full grid - new embeddings
2026-04-02 15:52:09 UTC,transformer_chemberta_600_esm2_8M_320,transformer_chemberta_600_esm2_8M_320,transformer,chemberta_600,esm2_8M_320,concat,1631745.0,43.0,128.0,0.0005,scaffold_bemis_murcko_seed42,17312,2673,4715,1.1724,0.6175,0.5337,1.2099,0.6614,0.5781,88.0,Full grid - new embeddings
2026-04-02 15:53:22 UTC,transformer_chemberta_600_esm2_35M_480,transformer_chemberta_600_esm2_35M_480,transformer,chemberta_600,esm2_35M_480,concat,1631745.0,33.0,128.0,0.0005,scaffold_bemis_murcko_seed42,17312,2673,4715,1.1647,0.5994,0.5009,1.1912,0.6455,0.5584,67.5,Full grid - new embeddings
2026-04-02 15:54:23 UTC,transformer_chemberta_600_esm2_150M,transformer_chemberta_600_esm2_150M,transformer,chemberta_600,esm2_150M,concat,1631745.0,28.0,128.0,0.0005,scaffold_bemis_murcko_seed42,17312,2673,4715,1.112,0.6319,0.5527,1.2029,0.6346,0.5636,56.1,Full grid - new embeddings
2026-04-02 15:56:05 UTC,transformer_chemberta_600_esm2_650M,transformer_chemberta_600_esm2_650M,transformer,chemberta_600,esm2_650M,concat,1631745.0,46.0,128.0,0.0005,scaffold_bemis_murcko_seed42,17312,2673,4715,1.1502,0.6167,0.5483,1.1864,0.661,0.5898,96.2,Full grid - new embeddings
2026-04-02 15:57:20 UTC,transformer_chemberta_600_prot_electra_256,transformer_chemberta_600_prot_electra_256,transformer,chemberta_600,prot_electra_256,concat,1631745.0,29.0,128.0,0.0005,scaffold_bemis_murcko_seed42,17312,2673,4715,1.2202,0.546,0.4527,1.1976,0.635,0.5595,61.0,Targeted: Transformer + ChemBERTa + ProtElectra
2026-04-02 15:58:15 UTC,transformer_chemberta_5M_esm2_8M_320,transformer_chemberta_5M_esm2_8M_320,transformer,chemberta_5M,esm2_8M_320,concat,1631745.0,24.0,128.0,0.0005,scaffold_bemis_murcko_seed42,17312,2673,4715,1.1877,0.5784,0.4831,1.2255,0.6171,0.5439,49.7,Full grid - new embeddings
2026-04-02 15:59:12 UTC,transformer_chemberta_5M_esm2_35M_480,transformer_chemberta_5M_esm2_35M_480,transformer,chemberta_5M,esm2_35M_480,concat,1631745.0,25.0,128.0,0.0005,scaffold_bemis_murcko_seed42,17312,2673,4715,1.2141,0.5769,0.5036,1.2127,0.64,0.581,52.1,Full grid - new embeddings
2026-04-02 16:00:52 UTC,transformer_chemberta_5M_esm2_150M,transformer_chemberta_5M_esm2_150M,transformer,chemberta_5M,esm2_150M,concat,1631745.0,46.0,128.0,0.0005,scaffold_bemis_murcko_seed42,17312,2673,4715,1.1491,0.6253,0.5511,1.1296,0.6901,0.6273,94.7,Full grid - new embeddings
2026-04-02 16:01:44 UTC,transformer_chemberta_5M_esm2_650M,transformer_chemberta_5M_esm2_650M,transformer,chemberta_5M,esm2_650M,concat,1631745.0,23.0,128.0,0.0005,scaffold_bemis_murcko_seed42,17312,2673,4715,1.1535,0.5888,0.5085,1.1906,0.6164,0.5553,46.6,Full grid - new embeddings
2026-04-02 16:02:56 UTC,transformer_chemberta_5M_prot_electra_256,transformer_chemberta_5M_prot_electra_256,transformer,chemberta_5M,prot_electra_256,concat,1631745.0,28.0,128.0,0.0005,scaffold_bemis_murcko_seed42,17312,2673,4715,1.1807,0.5905,0.5001,1.202,0.6412,0.5627,56.8,Full grid - new embeddings
2026-04-02 16:04:09 UTC,transformer_chemberta_77M_esm2_8M_320,transformer_chemberta_77M_esm2_8M_320,transformer,chemberta_77M,esm2_8M_320,concat,1631745.0,33.0,128.0,0.0005,scaffold_bemis_murcko_seed42,17312,2673,4715,1.1279,0.6234,0.5351,1.1979,0.6365,0.5466,68.2,Full grid - new embeddings
2026-04-02 16:05:13 UTC,transformer_chemberta_77M_esm2_35M_480,transformer_chemberta_77M_esm2_35M_480,transformer,chemberta_77M,esm2_35M_480,concat,1631745.0,28.0,128.0,0.0005,scaffold_bemis_murcko_seed42,17312,2673,4715,1.1358,0.6294,0.5607,1.2216,0.6275,0.56,58.8,Full grid - new embeddings
2026-04-02 16:06:37 UTC,transformer_chemberta_77M_esm2_150M,transformer_chemberta_77M_esm2_150M,transformer,chemberta_77M,esm2_150M,concat,1631745.0,38.0,128.0,0.0005,scaffold_bemis_murcko_seed42,17312,2673,4715,1.1458,0.6202,0.5299,1.1568,0.665,0.591,78.5,Full grid - new embeddings
2026-04-02 16:07:55 UTC,transformer_chemberta_77M_esm2_650M,transformer_chemberta_77M_esm2_650M,transformer,chemberta_77M,esm2_650M,concat,1631745.0,35.0,128.0,0.0005,scaffold_bemis_murcko_seed42,17312,2673,4715,1.0936,0.6536,0.5891,1.1625,0.6671,0.6114,71.7,Full grid - new embeddings
2026-04-02 16:09:04 UTC,transformer_chemberta_77M_prot_electra_256,transformer_chemberta_77M_prot_electra_256,transformer,chemberta_77M,prot_electra_256,concat,1631745.0,27.0,128.0,0.0005,scaffold_bemis_murcko_seed42,17312,2673,4715,1.1267,0.6244,0.5394,1.1841,0.6383,0.56,55.6,Full grid - new embeddings
2026-04-02 16:10:54 UTC,transformer_chemberta_100M_esm2_8M_320,transformer_chemberta_100M_esm2_8M_320,transformer,chemberta_100M,esm2_8M_320,concat,1631745.0,51.0,128.0,0.0005,scaffold_bemis_murcko_seed42,17312,2673,4715,1.1796,0.6105,0.5186,1.1589,0.6764,0.5968,104.4,Full grid - new embeddings
2026-04-02 16:12:37 UTC,transformer_chemberta_100M_esm2_35M_480,transformer_chemberta_100M_esm2_35M_480,transformer,chemberta_100M,esm2_35M_480,concat,1631745.0,47.0,128.0,0.0005,scaffold_bemis_murcko_seed42,17312,2673,4715,1.1454,0.6227,0.5466,1.154,0.6777,0.6023,97.5,Full grid - new embeddings
2026-04-02 16:13:46 UTC,transformer_chemberta_100M_esm2_150M,transformer_chemberta_100M_esm2_150M,transformer,chemberta_100M,esm2_150M,concat,1631745.0,31.0,128.0,0.0005,scaffold_bemis_murcko_seed42,17312,2673,4715,1.1113,0.6318,0.5602,1.197,0.6278,0.55,62.9,Full grid - new embeddings
2026-04-02 16:14:46 UTC,transformer_chemberta_100M_esm2_650M,transformer_chemberta_100M_esm2_650M,transformer,chemberta_100M,esm2_650M,concat,1631745.0,26.0,128.0,0.0005,scaffold_bemis_murcko_seed42,17312,2673,4715,1.1812,0.5878,0.53,1.1909,0.6412,0.5659,54.4,Full grid - new embeddings
2026-04-02 16:16:18 UTC,transformer_chemberta_100M_prot_electra_256,transformer_chemberta_100M_prot_electra_256,transformer,chemberta_100M,prot_electra_256,concat,1631745.0,37.0,128.0,0.0005,scaffold_bemis_murcko_seed42,17312,2673,4715,1.1862,0.576,0.5058,1.1194,0.6791,0.6019,77.6,Full grid - new embeddings
2026-04-02 16:19:16 UTC,bica_chemberta_600_esm2_8M_320,bica_chemberta_600_esm2_8M_320,bica,chemberta_600,esm2_8M_320,bidirectional_cross_attn,1367809.0,33.0,128.0,0.0005,scaffold_bemis_murcko_seed42,17312,2673,4715,1.1753,0.5749,0.5003,1.1887,0.6324,0.5598,54.0,Full grid - new embeddings
2026-04-02 16:38:33 UTC,bica_chemberta_600_esm2_35M_480,bica_chemberta_600_esm2_35M_480,bica,chemberta_600,esm2_35M_480,bidirectional_cross_attn,1408769.0,35.0,128.0,0.0005,scaffold_bemis_murcko_seed42,17312,2673,4715,1.1372,0.6159,0.5485,1.1839,0.6411,0.5738,57.1,Full grid - new embeddings
2026-04-02 17:31:42 UTC,bica_chemberta_600_esm2_150M,bica_chemberta_600_esm2_150M,bica,chemberta_600,esm2_150M,bidirectional_cross_attn,1449729.0,30.0,128.0,0.0005,scaffold_bemis_murcko_seed42,17312,2673,4715,1.1581,0.5909,0.504,1.1871,0.6273,0.5391,49.3,Full grid - new embeddings
2026-04-02 19:31:14 UTC,bica_chemberta_600_esm2_650M,bica_chemberta_600_esm2_650M,bica,chemberta_600,esm2_650M,bidirectional_cross_attn,1613569.0,39.0,128.0,0.0005,scaffold_bemis_murcko_seed42,17312,2673,4715,1.1466,0.6084,0.5363,1.1839,0.6442,0.5797,65.1,Full grid - new embeddings
2026-04-02 19:32:48 UTC,bica_chemberta_600_prot_electra_256,bica_chemberta_600_prot_electra_256,bica,chemberta_600,prot_electra_256,bidirectional_cross_attn,1613569.0,50.0,128.0,0.0005,scaffold_bemis_murcko_seed42,17312,2673,4715,1.1645,0.6032,0.5383,1.1775,0.6541,0.5877,81.5,Targeted: BiCA + ChemBERTa + ProtElectra
2026-04-02 19:34:04 UTC,bica_chemberta_5M_esm2_8M_320,bica_chemberta_5M_esm2_8M_320,bica,chemberta_5M,esm2_8M_320,bidirectional_cross_attn,1269505.0,38.0,128.0,0.0005,scaffold_bemis_murcko_seed42,17312,2673,4715,1.1712,0.5952,0.5153,1.1468,0.6748,0.6047,61.3,Full grid - new embeddings
2026-04-02 19:34:50 UTC,bica_chemberta_5M_esm2_35M_480,bica_chemberta_5M_esm2_35M_480,bica,chemberta_5M,esm2_35M_480,bidirectional_cross_attn,1310465.0,26.0,128.0,0.0005,scaffold_bemis_murcko_seed42,17312,2673,4715,1.1354,0.6085,0.5439,1.2271,0.5991,0.5504,42.2,Full grid - new embeddings
2026-04-02 19:35:46 UTC,bica_chemberta_5M_esm2_150M,bica_chemberta_5M_esm2_150M,bica,chemberta_5M,esm2_150M,bidirectional_cross_attn,1351425.0,32.0,128.0,0.0005,scaffold_bemis_murcko_seed42,17312,2673,4715,1.1578,0.5972,0.5202,1.1673,0.6484,0.5751,51.7,Full grid - new embeddings
2026-04-02 19:37:12 UTC,bica_chemberta_5M_esm2_650M,bica_chemberta_5M_esm2_650M,bica,chemberta_5M,esm2_650M,bidirectional_cross_attn,1515265.0,50.0,128.0,0.0005,scaffold_bemis_murcko_seed42,17312,2673,4715,1.1426,0.6163,0.5477,1.1068,0.6922,0.6091,81.3,Full grid - new embeddings
2026-04-02 19:38:15 UTC,bica_chemberta_5M_prot_electra_256,bica_chemberta_5M_prot_electra_256,bica,chemberta_5M,prot_electra_256,bidirectional_cross_attn,1515265.0,31.0,128.0,0.0005,scaffold_bemis_murcko_seed42,17312,2673,4715,1.1605,0.595,0.5159,1.181,0.6407,0.573,50.2,Full grid - new embeddings
2026-04-02 19:39:36 UTC,bica_chemberta_77M_esm2_8M_320,bica_chemberta_77M_esm2_8M_320,bica,chemberta_77M,esm2_8M_320,bidirectional_cross_attn,1269505.0,40.0,128.0,0.0005,scaffold_bemis_murcko_seed42,17312,2673,4715,1.2087,0.587,0.4985,1.1932,0.6529,0.5907,64.4,Full grid - new embeddings
2026-04-02 19:40:24 UTC,bica_chemberta_77M_esm2_35M_480,bica_chemberta_77M_esm2_35M_480,bica,chemberta_77M,esm2_35M_480,bidirectional_cross_attn,1310465.0,27.0,128.0,0.0005,scaffold_bemis_murcko_seed42,17312,2673,4715,1.1547,0.5944,0.5085,1.2485,0.599,0.5377,43.8,Full grid - new embeddings
2026-04-02 19:41:14 UTC,bica_chemberta_77M_esm2_150M,bica_chemberta_77M_esm2_150M,bica,chemberta_77M,esm2_150M,bidirectional_cross_attn,1351425.0,28.0,128.0,0.0005,scaffold_bemis_murcko_seed42,17312,2673,4715,1.1523,0.5975,0.4932,1.204,0.6264,0.5579,45.5,Full grid - new embeddings
2026-04-02 19:42:19 UTC,bica_chemberta_77M_esm2_650M,bica_chemberta_77M_esm2_650M,bica,chemberta_77M,esm2_650M,bidirectional_cross_attn,1515265.0,37.0,128.0,0.0005,scaffold_bemis_murcko_seed42,17312,2673,4715,1.1548,0.6026,0.5148,1.156,0.6615,0.5765,60.0,Full grid - new embeddings
2026-04-02 19:43:13 UTC,bica_chemberta_77M_prot_electra_256,bica_chemberta_77M_prot_electra_256,bica,chemberta_77M,prot_electra_256,bidirectional_cross_attn,1515265.0,25.0,128.0,0.0005,scaffold_bemis_murcko_seed42,17312,2673,4715,1.2019,0.5564,0.4649,1.2297,0.5852,0.5032,40.8,Full grid - new embeddings
2026-04-02 19:44:56 UTC,bica_chemberta_100M_esm2_8M_320,bica_chemberta_100M_esm2_8M_320,bica,chemberta_100M,esm2_8M_320,bidirectional_cross_attn,1367809.0,24.0,128.0,0.0005,scaffold_bemis_murcko_seed42,17312,2673,4715,1.2251,0.5191,0.4155,1.2491,0.5662,0.4854,39.7,Full grid - new embeddings
2026-04-02 19:46:04 UTC,bica_chemberta_100M_esm2_35M_480,bica_chemberta_100M_esm2_35M_480,bica,chemberta_100M,esm2_35M_480,bidirectional_cross_attn,1408769.0,39.0,128.0,0.0005,scaffold_bemis_murcko_seed42,17312,2673,4715,1.1962,0.5664,0.4649,1.2033,0.6281,0.5451,62.4,Full grid - new embeddings
2026-04-02 19:47:15 UTC,bica_chemberta_100M_esm2_150M,bica_chemberta_100M_esm2_150M,bica,chemberta_100M,esm2_150M,bidirectional_cross_attn,1449729.0,42.0,128.0,0.0005,scaffold_bemis_murcko_seed42,17312,2673,4715,1.1481,0.6074,0.5108,1.1874,0.6369,0.5529,67.3,Full grid - new embeddings
2026-04-02 19:48:20 UTC,bica_chemberta_100M_esm2_650M,bica_chemberta_100M_esm2_650M,bica,chemberta_100M,esm2_650M,bidirectional_cross_attn,1613569.0,36.0,128.0,0.0005,scaffold_bemis_murcko_seed42,17312,2673,4715,1.1527,0.6068,0.5222,1.1791,0.6446,0.565,59.7,Full grid - new embeddings
2026-04-02 19:50:15 UTC,bica_chemberta_100M_prot_electra_256,bica_chemberta_100M_prot_electra_256,bica,chemberta_100M,prot_electra_256,bidirectional_cross_attn,1613569.0,61.0,128.0,0.0005,scaffold_bemis_murcko_seed42,17312,2673,4715,1.1479,0.627,0.5449,1.271,0.6081,0.5319,101.4,Full grid - new embeddings
2026-04-02 19:53:14 UTC,cnn_smiles_onehot_esm2_8M_320,cnn_smiles_onehot_esm2_8M_320,cnn,smiles_onehot,esm2_8M_320,concat,184833.0,47.0,128.0,0.0005,scaffold_bemis_murcko_seed42,17312,2673,4715,1.3391,0.4103,0.338,1.3286,0.5162,0.4328,51.8,
2026-04-02 19:54:28 UTC,cnn_smiles_onehot_esm2_35M_480,cnn_smiles_onehot_esm2_35M_480,cnn,smiles_onehot,esm2_35M_480,concat,184833.0,59.0,128.0,0.0005,scaffold_bemis_murcko_seed42,17312,2673,4715,1.3872,0.3865,0.3216,1.3893,0.4968,0.4124,65.6,
2026-04-02 19:55:18 UTC,cnn_smiles_onehot_esm2_150M,cnn_smiles_onehot_esm2_150M,cnn,smiles_onehot,esm2_150M,concat,184833.0,38.0,128.0,0.0005,scaffold_bemis_murcko_seed42,17312,2673,4715,1.3769,0.3833,0.3229,1.3243,0.5213,0.4302,42.8,
2026-04-02 19:56:03 UTC,cnn_smiles_onehot_esm2_650M,cnn_smiles_onehot_esm2_650M,cnn,smiles_onehot,esm2_650M,concat,184833.0,33.0,128.0,0.0005,scaffold_bemis_murcko_seed42,17312,2673,4715,1.3854,0.3661,0.275,1.3769,0.4916,0.4188,36.8,
2026-04-02 19:56:58 UTC,cnn_smiles_onehot_prot_electra_256,cnn_smiles_onehot_prot_electra_256,cnn,smiles_onehot,prot_electra_256,concat,184833.0,34.0,128.0,0.0005,scaffold_bemis_murcko_seed42,17312,2673,4715,1.4257,0.3317,0.2534,1.368,0.4855,0.4027,38.3,Targeted: CNN + smiles_onehot + ProtElectra
2026-04-02 20:09:30 UTC,distmat_cnn_distmat_100_esm2_8M_320,distmat_cnn_distmat_100_esm2_8M_320,distmat_cnn,distmat_100,esm2_8M_320,distmat,1438945.0,46.0,128.0,0.0005,scaffold_bemis_murcko_seed42,17312,2673,4715,1.1413,0.6181,0.5451,1.1873,0.6496,0.5787,747.1,
2026-04-02 20:31:45 UTC,distmat_cnn_distmat_100_esm2_35M_480,distmat_cnn_distmat_100_esm2_35M_480,distmat_cnn,distmat_100,esm2_35M_480,distmat,1520865.0,82.0,128.0,0.0005,scaffold_bemis_murcko_seed42,17312,2673,4715,1.1007,0.6447,0.5857,1.1092,0.6973,0.6307,1330.4,
2026-04-02 20:47:18 UTC,distmat_cnn_distmat_100_esm2_150M,distmat_cnn_distmat_100_esm2_150M,distmat_cnn,distmat_100,esm2_150M,distmat,1602785.0,57.0,128.0,0.0005,scaffold_bemis_murcko_seed42,17312,2673,4715,1.103,0.6456,0.5798,1.1265,0.6768,0.6053,926.5,
2026-04-02 20:57:26 UTC,distmat_cnn_distmat_100_esm2_650M,distmat_cnn_distmat_100_esm2_650M,distmat_cnn,distmat_100,esm2_650M,distmat,1930465.0,37.0,128.0,0.0005,scaffold_bemis_murcko_seed42,17312,2673,4715,1.1224,0.6212,0.564,1.1548,0.6541,0.581,602.6,
2026-04-02 21:12:04 UTC,distmat_cnn_distmat_100_prot_electra_256,distmat_cnn_distmat_100_prot_electra_256,distmat_cnn,distmat_100,prot_electra_256,distmat,1930465.0,53.0,128.0,0.0005,scaffold_bemis_murcko_seed42,17312,2673,4715,1.182,0.583,0.5291,1.159,0.6645,0.589,863.9,
2026-04-02 21:15:14 UTC,gcn_mol_graph_esm2_8M_320,gcn_mol_graph_esm2_8M_320,gcn,mol_graph,esm2_8M_320,graph,405377.0,65.0,128.0,0.0005,scaffold_bemis_murcko_seed42,17312,2673,4715,1.1095,0.6362,0.5665,1.2156,0.636,0.5908,141.7,
2026-04-02 21:17:17 UTC,gcn_mol_graph_esm2_35M_480,gcn_mol_graph_esm2_35M_480,gcn,mol_graph,esm2_35M_480,graph,487297.0,34.0,128.0,0.0005,scaffold_bemis_murcko_seed42,17312,2673,4715,1.1587,0.5836,0.5083,1.2024,0.6156,0.5504,73.9,
2026-04-02 21:20:14 UTC,gcn_mol_graph_esm2_150M,gcn_mol_graph_esm2_150M,gcn,mol_graph,esm2_150M,graph,569217.0,59.0,128.0,0.0005,scaffold_bemis_murcko_seed42,17312,2673,4715,1.1123,0.6295,0.5575,1.2086,0.634,0.592,129.9,
2026-04-02 21:22:50 UTC,gcn_mol_graph_esm2_650M,gcn_mol_graph_esm2_650M,gcn,mol_graph,esm2_650M,graph,896897.0,49.0,128.0,0.0005,scaffold_bemis_murcko_seed42,17312,2673,4715,1.1349,0.6092,0.54,1.2329,0.6006,0.5583,107.4,
2026-04-02 21:26:45 UTC,gcn_mol_graph_prot_electra_256,gcn_mol_graph_prot_electra_256,gcn,mol_graph,prot_electra_256,graph,896897.0,85.0,128.0,0.0005,scaffold_bemis_murcko_seed42,17312,2673,4715,1.11,0.6309,0.5723,1.2255,0.6149,0.5608,178.8,Targeted: GCN + ProtElectra
2026-04-02 21:29:31 UTC,gat_mol_graph_esm2_8M_320,gat_mol_graph_esm2_8M_320,gat,mol_graph,esm2_8M_320,graph,406145.0,44.0,128.0,0.0005,scaffold_bemis_murcko_seed42,17312,2673,4715,1.1764,0.5811,0.5119,1.268,0.5969,0.5466,118.1,
2026-04-02 21:32:50 UTC,gat_mol_graph_esm2_35M_480,gat_mol_graph_esm2_35M_480,gat,mol_graph,esm2_35M_480,graph,488065.0,57.0,128.0,0.0005,scaffold_bemis_murcko_seed42,17312,2673,4715,1.1337,0.6221,0.5649,1.2148,0.6349,0.5841,151.7,
2026-04-02 21:36:24 UTC,gat_mol_graph_esm2_150M,gat_mol_graph_esm2_150M,gat,mol_graph,esm2_150M,graph,569985.0,62.0,128.0,0.0005,scaffold_bemis_murcko_seed42,17312,2673,4715,1.1167,0.6299,0.5745,1.2285,0.6233,0.5664,165.5,
2026-04-02 21:39:41 UTC,gat_mol_graph_esm2_650M,gat_mol_graph_esm2_650M,gat,mol_graph,esm2_650M,graph,897665.0,57.0,128.0,0.0005,scaffold_bemis_murcko_seed42,17312,2673,4715,1.1135,0.6363,0.5784,1.1939,0.6434,0.584,151.1,
2026-04-02 21:43:11 UTC,gat_mol_graph_prot_electra_256,gat_mol_graph_prot_electra_256,gat,mol_graph,prot_electra_256,graph,897665.0,57.0,128.0,0.0005,scaffold_bemis_murcko_seed42,17312,2673,4715,1.1108,0.6297,0.5734,1.2274,0.6224,0.5582,153.4,Targeted: GAT + ProtElectra
2026-04-02 22:04:40 UTC,lstm_smiles_atom_protein_bpe_1000,lstm_smiles_atom_protein_bpe_1000,lstm,smiles_atom,protein_bpe_1000,dual_encoder,4821313.0,40.0,128.0,0.0005,scaffold_bemis_murcko_seed42,17312,2673,4715,1.1249,0.6227,0.5534,1.1456,0.6566,0.5679,1284.1,Targeted: LSTM + smiles_atom + protein_bpe_1000
2026-04-02 22:18:34 UTC,lstm_smiles_bpe_1000_protein_char,lstm_smiles_bpe_1000_protein_char,lstm,smiles_bpe_1000,protein_char,dual_encoder,4819329.0,31.0,128.0,0.0005,scaffold_bemis_murcko_seed42,17312,2673,4715,1.1757,0.5871,0.5485,1.2524,0.5902,0.5215,829.4,Targeted: LSTM + smiles_bpe_1000 + protein_char
2026-04-02 22:36:41 UTC,lstm_smiles_bpe_1000_protein_bpe_1000,lstm_smiles_bpe_1000_protein_bpe_1000,lstm,smiles_bpe_1000,protein_bpe_1000,dual_encoder,4881793.0,39.0,128.0,0.0005,scaffold_bemis_murcko_seed42,17312,2673,4715,1.0793,0.6566,0.5977,1.1456,0.6595,0.5812,1082.8,Targeted: LSTM + smiles_bpe_1000 + protein_bpe_1000
2026-04-02 22:49:43 UTC,transformer_seq_smiles_atom_protein_bpe_1000,transformer_seq_smiles_atom_protein_bpe_1000,transformer_seq,smiles_atom,protein_bpe_1000,dual_encoder,1176577.0,35.0,128.0,0.0005,scaffold_bemis_murcko_seed42,17312,2673,4715,1.1618,0.6014,0.537,1.2247,0.6161,0.5188,776.4,Targeted: TransformerSeq + smiles_atom + protein_bpe_1000
2026-04-02 23:00:57 UTC,transformer_seq_smiles_bpe_1000_protein_char,transformer_seq_smiles_bpe_1000_protein_char,transformer_seq,smiles_bpe_1000,protein_char,dual_encoder,1172609.0,34.0,128.0,0.0005,scaffold_bemis_murcko_seed42,17312,2673,4715,1.2438,0.5239,0.4468,1.373,0.5421,0.4843,669.9,Targeted: TransformerSeq + smiles_bpe_1000 + protein_char
2026-04-02 23:11:16 UTC,transformer_seq_smiles_bpe_1000_protein_bpe_1000,transformer_seq_smiles_bpe_1000_protein_bpe_1000,transformer_seq,smiles_bpe_1000,protein_bpe_1000,dual_encoder,1297537.0,31.0,128.0,0.0005,scaffold_bemis_murcko_seed42,17312,2673,4715,1.1352,0.6108,0.5339,1.3698,0.5448,0.5124,614.6,Targeted: TransformerSeq + smiles_bpe_1000 + protein_bpe_1000
2026-04-02 23:23:57 UTC,mamba_smiles_atom_protein_char,mamba_smiles_atom_protein_char,mamba,smiles_atom,protein_char,dual_encoder,3388161.0,38.0,128.0,0.0005,scaffold_bemis_murcko_seed42,17312,2673,4715,1.1691,0.5947,0.5071,1.1808,0.6438,0.5847,756.0,Phase2: Mamba SSM atom-level SMILES + char protein
2026-04-02 23:32:03 UTC,mamba_smiles_atom_protein_bpe_1000,mamba_smiles_atom_protein_bpe_1000,mamba,smiles_atom,protein_bpe_1000,dual_encoder,3513089.0,24.0,128.0,0.0005,scaffold_bemis_murcko_seed42,17312,2673,4715,1.1386,0.6065,0.5327,1.2279,0.5837,0.5106,481.1,
2026-04-02 23:41:41 UTC,mamba_smiles_bpe_1000_protein_char,mamba_smiles_bpe_1000_protein_char,mamba,smiles_bpe_1000,protein_char,dual_encoder,3509121.0,33.0,128.0,0.0005,scaffold_bemis_murcko_seed42,17312,2673,4715,1.1654,0.5845,0.5461,1.1722,0.6367,0.5649,573.3,
2026-04-02 23:51:05 UTC,mamba_smiles_bpe_1000_protein_bpe_1000,mamba_smiles_bpe_1000_protein_bpe_1000,mamba,smiles_bpe_1000,protein_bpe_1000,dual_encoder,3634049.0,32.0,128.0,0.0005,scaffold_bemis_murcko_seed42,17312,2673,4715,1.1243,0.631,0.5485,1.1581,0.6558,0.5892,558.8,
2026-04-02 23:51:17 UTC,ridge_ecfp6_1024_kmer3_8000,ridge_ecfp6_1024_kmer3_8000,linear,ecfp6_1024,kmer3_8000,concat,,,,,scaffold_bemis_murcko_seed42,17312,2673,4715,1.3142,0.5165,0.4486,1.4886,0.4929,0.4311,8.0,Targeted: Ridge + ECFP6 + kmer3
2026-04-02 23:51:22 UTC,ridge_ecfp6_1024_prot_electra_256,ridge_ecfp6_1024_prot_electra_256,linear,ecfp6_1024,prot_electra_256,concat,,,,,scaffold_bemis_murcko_seed42,17312,2673,4715,1.3222,0.5078,0.4484,1.4669,0.4999,0.4388,0.8,Targeted: Ridge + ECFP6 + ProtElectra
2026-04-02 23:51:30 UTC,ridge_ecfp6_1024_protein_char,ridge_ecfp6_1024_protein_char,linear,ecfp6_1024,protein_char,concat,,,,,scaffold_bemis_murcko_seed42,17312,2673,4715,1.4479,0.3768,0.3455,1.5608,0.4099,0.3671,0.4,Targeted: Ridge + ECFP6 + protein_char
2026-04-02 23:51:41 UTC,ridge_chemberta_600_kmer3_8000,ridge_chemberta_600_kmer3_8000,linear,chemberta_600,kmer3_8000,concat,,,,,scaffold_bemis_murcko_seed42,17312,2673,4715,1.2724,0.5358,0.48,1.3953,0.5599,0.4971,7.0,Targeted: Ridge + ChemBERTa + kmer3
2026-04-02 23:51:45 UTC,ridge_chemberta_600_protein_char,ridge_chemberta_600_protein_char,linear,chemberta_600,protein_char,concat,,,,,scaffold_bemis_murcko_seed42,17312,2673,4715,1.4222,0.3476,0.3018,1.4536,0.4737,0.4304,0.2,Targeted: Ridge + ChemBERTa + protein_char
2026-04-02 23:52:04 UTC,ridge_smiles_char_kmer3_8000,ridge_smiles_char_kmer3_8000,linear,smiles_char,kmer3_8000,concat,,,,,scaffold_bemis_murcko_seed42,17312,2673,4715,2.2494,0.3416,0.3306,2.167,0.3431,0.3562,13.4,Targeted: Ridge + smiles_char + kmer3
2026-04-02 23:52:10 UTC,ridge_smiles_char_prot_electra_256,ridge_smiles_char_prot_electra_256,linear,smiles_char,prot_electra_256,concat,,,,,scaffold_bemis_murcko_seed42,17312,2673,4715,2.1765,0.3404,0.3301,2.1715,0.3459,0.3689,3.0,Targeted: Ridge + smiles_char + ProtElectra
2026-04-02 23:52:16 UTC,ridge_smiles_char_protein_char,ridge_smiles_char_protein_char,linear,smiles_char,protein_char,concat,,,,,scaffold_bemis_murcko_seed42,17312,2673,4715,1.9964,0.2508,0.2791,2.4017,0.2396,0.2673,1.9,Targeted: Ridge + smiles_char + protein_char
2026-04-02 23:52:40 UTC,xgb_ecfp6_1024_kmer3_8000,xgb_ecfp6_1024_kmer3_8000,tree,ecfp6_1024,kmer3_8000,concat,,,,,scaffold_bemis_murcko_seed42,17312,2673,4715,1.0437,0.6815,0.5988,1.0691,0.7073,0.6215,19.1,Targeted: XGB + ECFP6 + kmer3
2026-04-02 23:52:55 UTC,xgb_ecfp6_1024_prot_electra_256,xgb_ecfp6_1024_prot_electra_256,tree,ecfp6_1024,prot_electra_256,concat,,,,,scaffold_bemis_murcko_seed42,17312,2673,4715,1.0288,0.6924,0.6214,1.0726,0.7052,0.6145,11.3,Targeted: XGB + ECFP6 + ProtElectra
2026-04-02 23:53:00 UTC,xgb_ecfp6_1024_protein_char,xgb_ecfp6_1024_protein_char,tree,ecfp6_1024,protein_char,concat,,,,,scaffold_bemis_murcko_seed42,17312,2673,4715,1.0418,0.6833,0.6108,1.092,0.6935,0.6089,2.5,Targeted: XGB + ECFP6 + protein_char
2026-04-02 23:53:29 UTC,xgb_chemberta_600_kmer3_8000,xgb_chemberta_600_kmer3_8000,tree,chemberta_600,kmer3_8000,concat,,,,,scaffold_bemis_murcko_seed42,17312,2673,4715,1.0815,0.6515,0.5759,1.0687,0.7074,0.6234,23.6,Targeted: XGB + ChemBERTa + kmer3
2026-04-02 23:53:38 UTC,xgb_chemberta_600_protein_char,xgb_chemberta_600_protein_char,tree,chemberta_600,protein_char,concat,,,,,scaffold_bemis_murcko_seed42,17312,2673,4715,1.1617,0.5817,0.4893,1.0893,0.695,0.6221,6.1,Targeted: XGB + ChemBERTa + protein_char
2026-04-02 23:54:04 UTC,xgb_smiles_char_kmer3_8000,xgb_smiles_char_kmer3_8000,tree,smiles_char,kmer3_8000,concat,,,,,scaffold_bemis_murcko_seed42,17312,2673,4715,1.0946,0.6407,0.556,1.1293,0.6656,0.5912,20.5,Targeted: XGB + smiles_char + kmer3
2026-04-02 23:54:22 UTC,xgb_smiles_char_prot_electra_256,xgb_smiles_char_prot_electra_256,tree,smiles_char,prot_electra_256,concat,,,,,scaffold_bemis_murcko_seed42,17312,2673,4715,1.1214,0.6201,0.5399,1.1309,0.6638,0.5893,13.7,Targeted: XGB + smiles_char + ProtElectra
2026-04-02 23:54:30 UTC,xgb_smiles_char_protein_char,xgb_smiles_char_protein_char,tree,smiles_char,protein_char,concat,,,,,scaffold_bemis_murcko_seed42,17312,2673,4715,1.1677,0.5764,0.4897,1.1329,0.6642,0.5914,4.8,Targeted: XGB + smiles_char + protein_char
2026-04-02 23:55:24 UTC,mlp_ecfp6_1024_kmer3_8000,mlp_ecfp6_1024_kmer3_8000,mlp,ecfp6_1024,kmer3_8000,concat,4787074.0,43.0,128.0,0.0005,scaffold_bemis_murcko_seed42,17312,2673,4715,1.0489,0.6867,0.6231,1.1335,0.6844,0.5984,43.4,Targeted: MLP + ECFP6 + kmer3
2026-04-02 23:56:19 UTC,mlp_ecfp6_1024_prot_electra_256,mlp_ecfp6_1024_prot_electra_256,mlp,ecfp6_1024,prot_electra_256,concat,1346434.0,57.0,128.0,0.0005,scaffold_bemis_murcko_seed42,17312,2673,4715,1.0561,0.6863,0.6382,1.2036,0.6552,0.5842,48.6,Targeted: MLP + ECFP6 + ProtElectra
2026-04-02 23:56:54 UTC,mlp_ecfp6_1024_protein_char,mlp_ecfp6_1024_protein_char,mlp,ecfp6_1024,protein_char,concat,701314.0,34.0,128.0,0.0005,scaffold_bemis_murcko_seed42,17312,2673,4715,1.2716,0.534,0.4513,1.2192,0.6263,0.5501,29.1,Targeted: MLP + ECFP6 + protein_char
2026-04-02 23:57:29 UTC,mlp_chemberta_600_kmer3_8000,mlp_chemberta_600_kmer3_8000,mlp,chemberta_600,kmer3_8000,concat,4656002.0,24.0,128.0,0.0005,scaffold_bemis_murcko_seed42,17312,2673,4715,1.1329,0.6363,0.5665,1.1227,0.684,0.6019,24.7,Targeted: MLP + ChemBERTa + kmer3
2026-04-02 23:57:57 UTC,mlp_chemberta_600_protein_char,mlp_chemberta_600_protein_char,mlp,chemberta_600,protein_char,concat,570242.0,28.0,128.0,0.0005,scaffold_bemis_murcko_seed42,17312,2673,4715,1.2355,0.5108,0.4489,1.2599,0.5774,0.4938,23.3,Targeted: MLP + ChemBERTa + protein_char
2026-04-02 23:58:37 UTC,mlp_smiles_char_kmer3_8000,mlp_smiles_char_kmer3_8000,mlp,smiles_char,kmer3_8000,concat,6259586.0,25.0,128.0,0.0005,scaffold_bemis_murcko_seed42,17312,2673,4715,1.2051,0.5841,0.5156,1.217,0.611,0.5143,27.5,Targeted: MLP + smiles_char + kmer3
2026-04-02 23:59:06 UTC,mlp_smiles_char_prot_electra_256,mlp_smiles_char_prot_electra_256,mlp,smiles_char,prot_electra_256,concat,2818946.0,22.0,128.0,0.0005,scaffold_bemis_murcko_seed42,17312,2673,4715,1.3035,0.4859,0.4429,1.2957,0.5449,0.4741,21.0,Targeted: MLP + smiles_char + ProtElectra
2026-04-03 00:00:00 UTC,mlp_smiles_char_protein_char,mlp_smiles_char_protein_char,mlp,smiles_char,protein_char,concat,2173826.0,51.0,128.0,0.0005,scaffold_bemis_murcko_seed42,17312,2673,4715,1.4278,0.3931,0.324,1.4272,0.4681,0.3988,46.4,Targeted: MLP + smiles_char + protein_char
2026-04-03 00:04:51 UTC,transformer_ecfp6_1024_kmer3_8000,transformer_ecfp6_1024_kmer3_8000,transformer,ecfp6_1024,kmer3_8000,concat,1631745.0,34.0,128.0,0.0005,scaffold_bemis_murcko_seed42,17312,2673,4715,1.1604,0.6121,0.55,1.2153,0.6366,0.5616,280.9,Targeted: Transformer + ECFP6 + kmer3
2026-04-03 00:06:09 UTC,transformer_ecfp6_1024_prot_electra_256,transformer_ecfp6_1024_prot_electra_256,transformer,ecfp6_1024,prot_electra_256,concat,1631745.0,32.0,128.0,0.0005,scaffold_bemis_murcko_seed42,17312,2673,4715,1.1225,0.6293,0.5684,1.198,0.6332,0.5483,71.2,Targeted: Transformer + ECFP6 + ProtElectra
2026-04-03 00:07:30 UTC,transformer_ecfp6_1024_protein_char,transformer_ecfp6_1024_protein_char,transformer,ecfp6_1024,protein_char,concat,1631745.0,37.0,128.0,0.0005,scaffold_bemis_murcko_seed42,17312,2673,4715,1.208,0.5362,0.4748,1.2806,0.5624,0.5085,76.0,Targeted: Transformer + ECFP6 + protein_char
2026-04-03 00:13:11 UTC,transformer_chemberta_600_kmer3_8000,transformer_chemberta_600_kmer3_8000,transformer,chemberta_600,kmer3_8000,concat,1631745.0,41.0,128.0,0.0005,scaffold_bemis_murcko_seed42,17312,2673,4715,1.2027,0.5805,0.5109,1.1883,0.6555,0.5771,330.8,Targeted: Transformer + ChemBERTa + kmer3
2026-04-03 00:14:06 UTC,transformer_chemberta_600_protein_char,transformer_chemberta_600_protein_char,transformer,chemberta_600,protein_char,concat,1631745.0,24.0,128.0,0.0005,scaffold_bemis_murcko_seed42,17312,2673,4715,1.3241,0.3951,0.3039,1.2487,0.5654,0.4808,49.8,Targeted: Transformer + ChemBERTa + protein_char
2026-04-03 00:20:11 UTC,transformer_smiles_char_kmer3_8000,transformer_smiles_char_kmer3_8000,transformer,smiles_char,kmer3_8000,concat,1631745.0,34.0,128.0,0.0005,scaffold_bemis_murcko_seed42,17312,2673,4715,1.1524,0.5938,0.5217,1.241,0.5871,0.4996,352.7,Targeted: Transformer + smiles_char + kmer3
2026-04-03 00:22:43 UTC,transformer_smiles_char_prot_electra_256,transformer_smiles_char_prot_electra_256,transformer,smiles_char,prot_electra_256,concat,1631745.0,31.0,128.0,0.0005,scaffold_bemis_murcko_seed42,17312,2673,4715,1.136,0.6089,0.5464,1.2299,0.5876,0.5093,143.1,Targeted: Transformer + smiles_char + ProtElectra
2026-04-03 00:24:16 UTC,transformer_smiles_char_protein_char,transformer_smiles_char_protein_char,transformer,smiles_char,protein_char,concat,1631745.0,27.0,128.0,0.0005,scaffold_bemis_murcko_seed42,17312,2673,4715,1.2896,0.4457,0.3758,1.345,0.4724,0.4059,86.3,Targeted: Transformer + smiles_char + protein_char
2026-04-03 00:25:34 UTC,bica_ecfp6_1024_kmer3_8000,bica_ecfp6_1024_kmer3_8000,bica,ecfp6_1024,kmer3_8000,bidirectional_cross_attn,3399425.0,24.0,128.0,0.0005,scaffold_bemis_murcko_seed42,17312,2673,4715,1.1276,0.6319,0.5787,1.2144,0.6334,0.5706,43.5,Targeted: BiCA + ECFP6 + kmer3
2026-04-03 00:26:25 UTC,bica_ecfp6_1024_prot_electra_256,bica_ecfp6_1024_prot_electra_256,bica,ecfp6_1024,prot_electra_256,bidirectional_cross_attn,1679105.0,28.0,128.0,0.0005,scaffold_bemis_murcko_seed42,17312,2673,4715,1.1819,0.5774,0.5101,1.2774,0.5859,0.5442,46.5,Targeted: BiCA + ECFP6 + ProtElectra
2026-04-03 00:27:18 UTC,bica_ecfp6_1024_protein_char,bica_ecfp6_1024_protein_char,bica,ecfp6_1024,protein_char,bidirectional_cross_attn,1356545.0,27.0,128.0,0.0005,scaffold_bemis_murcko_seed42,17312,2673,4715,1.2865,0.4709,0.4296,1.2942,0.5592,0.5143,43.2,Targeted: BiCA + ECFP6 + protein_char
2026-04-03 00:28:09 UTC,bica_chemberta_600_kmer3_8000,bica_chemberta_600_kmer3_8000,bica,chemberta_600,kmer3_8000,bidirectional_cross_attn,3333889.0,26.0,128.0,0.0005,scaffold_bemis_murcko_seed42,17312,2673,4715,1.1384,0.625,0.5552,1.1661,0.6511,0.5804,46.8,Targeted: BiCA + ChemBERTa + kmer3
2026-04-03 00:29:10 UTC,bica_chemberta_600_protein_char,bica_chemberta_600_protein_char,bica,chemberta_600,protein_char,bidirectional_cross_attn,1291009.0,36.0,128.0,0.0005,scaffold_bemis_murcko_seed42,17312,2673,4715,1.254,0.5052,0.4189,1.2558,0.5788,0.5084,55.9,Targeted: BiCA + ChemBERTa + protein_char
2026-04-03 00:29:59 UTC,bica_smiles_char_kmer3_8000,bica_smiles_char_kmer3_8000,bica,smiles_char,kmer3_8000,bidirectional_cross_attn,4135681.0,23.0,128.0,0.0005,scaffold_bemis_murcko_seed42,17312,2673,4715,1.167,0.5985,0.538,1.2339,0.5841,0.5056,43.1,Targeted: BiCA + smiles_char + kmer3
2026-04-03 00:30:43 UTC,bica_smiles_char_prot_electra_256,bica_smiles_char_prot_electra_256,bica,smiles_char,prot_electra_256,bidirectional_cross_attn,2415361.0,23.0,128.0,0.0005,scaffold_bemis_murcko_seed42,17312,2673,4715,1.3253,0.4748,0.4155,1.3288,0.5398,0.4647,39.4,Targeted: BiCA + smiles_char + ProtElectra
2026-04-03 00:31:25 UTC,bica_smiles_char_protein_char,bica_smiles_char_protein_char,bica,smiles_char,protein_char,bidirectional_cross_attn,2092801.0,22.0,128.0,0.0005,scaffold_bemis_murcko_seed42,17312,2673,4715,1.3648,0.3656,0.2801,1.337,0.478,0.3874,37.4,Targeted: BiCA + smiles_char + protein_char
2026-04-03 00:32:18 UTC,cnn_smiles_onehot_kmer3_8000,cnn_smiles_onehot_kmer3_8000,cnn,smiles_onehot,kmer3_8000,concat,184833.0,36.0,128.0,0.0005,scaffold_bemis_murcko_seed42,17312,2673,4715,1.3917,0.3688,0.3079,1.3561,0.506,0.4302,39.7,Targeted: CNN + smiles_onehot + kmer3
2026-04-03 00:33:04 UTC,cnn_smiles_onehot_protein_char,cnn_smiles_onehot_protein_char,cnn,smiles_onehot,protein_char,concat,184833.0,36.0,128.0,0.0005,scaffold_bemis_murcko_seed42,17312,2673,4715,1.3907,0.387,0.3706,1.3524,0.5119,0.4501,39.4,Targeted: CNN + smiles_onehot + protein_char
2026-04-03 00:45:51 UTC,distmat_cnn_kmer3_8000,distmat_cnn_kmer3_8000,distmat_cnn,distmat_100,kmer3_8000,distmat,5371105.0,46.0,128.0,0.0005,scaffold_bemis_murcko_seed42,17312,2673,4715,1.1544,0.61,0.5511,1.1448,0.6737,0.6037,761.5,Targeted: DistmatCNN + kmer3
2026-04-03 01:04:06 UTC,distmat_cnn_prot_electra_256,distmat_cnn_prot_electra_256,distmat_cnn,distmat_100,prot_electra_256,distmat,1930465.0,67.0,128.0,0.0005,scaffold_bemis_murcko_seed42,17312,2673,4715,1.1497,0.6063,0.5616,1.1604,0.6626,0.5959,1088.9,Targeted: DistmatCNN + ProtElectra
2026-04-03 01:14:44 UTC,distmat_cnn_protein_char,distmat_cnn_protein_char,distmat_cnn,distmat_100,protein_char,distmat,1285345.0,39.0,128.0,0.0005,scaffold_bemis_murcko_seed42,17312,2673,4715,1.3241,0.4298,0.3539,1.3434,0.4857,0.4228,633.0,Targeted: DistmatCNN + protein_char
2026-04-03 01:17:51 UTC,gcn_mol_graph_kmer3_8000,gcn_mol_graph_kmer3_8000,gcn,mol_graph,kmer3_8000,graph,4337537.0,58.0,128.0,0.0005,scaffold_bemis_murcko_seed42,17312,2673,4715,1.1088,0.6331,0.5672,1.2141,0.6201,0.5558,138.2,Targeted: GCN + kmer3
2026-04-03 01:20:02 UTC,gcn_mol_graph_protein_char,gcn_mol_graph_protein_char,gcn,mol_graph,protein_char,graph,251777.0,38.0,128.0,0.0005,scaffold_bemis_murcko_seed42,17312,2673,4715,1.2783,0.4531,0.3702,1.3877,0.5025,0.4456,82.9,Targeted: GCN + protein_char
2026-04-03 01:23:39 UTC,gat_mol_graph_kmer3_8000,gat_mol_graph_kmer3_8000,gat,mol_graph,kmer3_8000,graph,4338305.0,57.0,128.0,0.0005,scaffold_bemis_murcko_seed42,17312,2673,4715,1.1092,0.6374,0.5718,1.2161,0.6407,0.5842,167.5,Targeted: GAT + kmer3
2026-04-03 01:27:28 UTC,gat_mol_graph_protein_char,gat_mol_graph_protein_char,gat,mol_graph,protein_char,graph,252545.0,68.0,128.0,0.0005,scaffold_bemis_murcko_seed42,17312,2673,4715,1.2732,0.4598,0.3731,1.3572,0.5162,0.4794,180.5,Targeted: GAT + protein_char
2026-04-03 01:47:46 UTC,lstm_smiles_char_protein_bpe_1000,lstm_smiles_char_protein_bpe_1000,lstm,smiles_char,protein_bpe_1000,dual_encoder,4820289.0,38.0,128.0,0.0005,scaffold_bemis_murcko_seed42,17312,2673,4715,1.1176,0.6238,0.5471,1.1907,0.631,0.532,1213.0,Targeted: LSTM + smiles_char + protein_bpe_1000
2026-04-03 01:59:41 UTC,transformer_seq_smiles_char_protein_bpe_1000,transformer_seq_smiles_char_protein_bpe_1000,transformer_seq,smiles_char,protein_bpe_1000,dual_encoder,1174529.0,32.0,128.0,0.0005,scaffold_bemis_murcko_seed42,17312,2673,4715,1.1219,0.6224,0.5374,1.2108,0.605,0.524,710.6,Targeted: TransformerSeq + smiles_char + protein_bpe_1000
2026-04-03 02:01:01 UTC,bica_chemberta_esm2_8M_dsm,bica_chemberta_esm2_8M_dsm,bica,chemberta_600,esm2_8M_320,bidirectional_cross_attn,1367809.0,40.0,128.0,0.0005,scaffold_bemis_murcko_seed42,17312,2673,4715,1.1628,0.6057,0.543,1.1244,0.685,0.6142,75.2,Phase2: BiCA + ChemBERTa + ESM-2 8M + DualBind DSM auxiliary loss
2026-04-03 02:02:30 UTC,bica_chemberta_prot_electra_dsm,bica_chemberta_prot_electra_dsm,bica,chemberta_600,prot_electra_256,bidirectional_cross_attn,1613569.0,45.0,128.0,0.0005,scaffold_bemis_murcko_seed42,17312,2673,4715,1.1961,0.5724,0.5062,1.2115,0.6277,0.5528,84.6,Phase2: BiCA + ChemBERTa + ProtElectra + DSM auxiliary loss
2026-04-03 02:03:02 UTC,mlp_chemberta_esm2_8M_dsm,mlp_chemberta_esm2_8M_dsm,mlp,chemberta_600,esm2_8M_320,concat,1816514.0,21.0,128.0,0.0005,scaffold_bemis_murcko_seed42,17312,2673,4715,6.97,0.1206,0.0065,6.8504,0.135,0.1046,26.3,Phase2: MLP deep + ChemBERTa + ESM-2 8M + DualBind DSM auxiliary loss
2026-04-03 02:16:05 UTC,mamba_smiles_char_protein_char,mamba_smiles_char_protein_char,mamba,smiles_char,protein_char,dual_encoder,3386113.0,39.0,128.0,0.0005,scaffold_bemis_murcko_seed42,17312,2673,4715,1.1353,0.6174,0.5423,1.1755,0.6469,0.5597,778.1,Phase2: Mamba SSM character-level tokenization
2026-04-03 02:26:57 UTC,mamba_smiles_bpe512_protein_bpe512,mamba_smiles_bpe512_protein_bpe512,mamba,smiles_bpe_512,protein_bpe_512,dual_encoder,3509121.0,36.0,128.0,0.0005,scaffold_bemis_murcko_seed42,17312,2673,4715,1.1407,0.6199,0.5612,1.234,0.6303,0.5746,647.8,Phase2: Mamba SSM BPE-512 tokenization
2026-04-03 02:38:39 UTC,mamba_smiles_bpe1000_protein_bpe1000,mamba_smiles_bpe1000_protein_bpe1000,mamba,smiles_bpe_1000,protein_bpe_1000,dual_encoder,3634049.0,40.0,128.0,0.0005,scaffold_bemis_murcko_seed42,17312,2673,4715,1.1553,0.6042,0.56,1.1778,0.6457,0.5588,697.5,Phase2: Mamba SSM BPE-1000 tokenization
2026-04-03 02:39:19 UTC,ridge_ecfp4_aac__seed123,ridge_ecfp4_aac__seed123,linear,ecfp4_1024,aac_20,concat,,,,,scaffold_bemis_murcko_seed123,17299,2476,4925,1.4896,0.429,0.3633,1.6137,0.3177,0.2842,0.4,
2026-04-03 02:40:09 UTC,ridge_maccs_aac__seed123,ridge_maccs_aac__seed123,linear,maccs_167,aac_20,concat,,,,,scaffold_bemis_murcko_seed123,17299,2476,4925,1.3809,0.4032,0.3429,1.3462,0.3951,0.3638,0.1,
2026-04-03 02:47:23 UTC,ridge_rdkit_aac__seed123,ridge_rdkit_aac__seed123,linear,rdkit_200,aac_20,concat,,,,,scaffold_bemis_murcko_seed123,17299,2476,4925,1.4112,0.3928,0.3171,1.3904,0.3641,0.307,0.1,
2026-04-03 02:48:13 UTC,rf_ecfp4_aac__seed123,rf_ecfp4_aac__seed123,tree,ecfp4_1024,aac_20,concat,,,,,scaffold_bemis_murcko_seed123,17299,2476,4925,1.0478,0.7259,0.6732,1.0728,0.6825,0.648,46.9,
2026-04-03 02:48:19 UTC,xgb_ecfp4_aac__seed123,xgb_ecfp4_aac__seed123,tree,ecfp4_1024,aac_20,concat,,,,,scaffold_bemis_murcko_seed123,17299,2476,4925,1.1149,0.6741,0.6005,1.1302,0.6403,0.59,2.4,
2026-04-03 02:48:31 UTC,lgbm_ecfp4_aac__seed123,lgbm_ecfp4_aac__seed123,tree,ecfp4_1024,aac_20,concat,,,,,scaffold_bemis_murcko_seed123,17299,2476,4925,1.0958,0.6871,0.6103,1.1174,0.6505,0.6084,8.2,
2026-04-03 02:57:31 UTC,xgb_chemberta_esm2_8M__seed123,xgb_chemberta_esm2_8M__seed123,tree,chemberta_600,esm2_8M_320,concat,,,,,scaffold_bemis_murcko_seed123,17299,2476,4925,1.1145,0.6684,0.5738,1.0882,0.6634,0.6187,8.3,
2026-04-03 02:57:40 UTC,xgb_ecfp4_esm2_8M__seed123,xgb_ecfp4_esm2_8M__seed123,tree,ecfp4_1024,esm2_8M_320,concat,,,,,scaffold_bemis_murcko_seed123,17299,2476,4925,1.0791,0.7011,0.6296,1.0818,0.6745,0.6283,4.6,Ablation: ECFP4 + ESM-2 (protein upgrade only)
2026-04-03 02:57:49 UTC,xgb_chemberta_aac__seed123,xgb_chemberta_aac__seed123,tree,chemberta_600,aac_20,concat,,,,,scaffold_bemis_murcko_seed123,17299,2476,4925,1.1599,0.6377,0.5283,1.1324,0.6282,0.5824,6.0,Ablation: ChemBERTa + AAC (ligand upgrade only)
2026-04-03 03:37:13 UTC,xgb_chemberta_prot_electra__seed123,xgb_chemberta_prot_electra__seed123,tree,chemberta_600,prot_electra_256,concat,,,,,scaffold_bemis_murcko_seed123,17299,2476,4925,1.102,0.6787,0.5868,1.0778,0.6721,0.6379,15.3,XGBoost + ChemBERTa + ProtElectra-BFD 256-dim
2026-04-03 03:38:22 UTC,mlp_shallow_ecfp4_aac__seed123,mlp_shallow_ecfp4_aac__seed123,mlp,ecfp4_1024,aac_20,concat,268546.0,100.0,128.0,0.0005,scaffold_bemis_murcko_seed123,17299,2476,4925,1.377,0.5273,0.4628,1.5131,0.4519,0.4027,63.2,
2026-04-03 03:39:15 UTC,mlp_medium_ecfp4_dipeptide__seed123,mlp_medium_ecfp4_dipeptide__seed123,mlp,ecfp4_1024,dipeptide_400,concat,895874.0,47.0,128.0,0.0005,scaffold_bemis_murcko_seed123,17299,2476,4925,1.1511,0.6706,0.6119,1.157,0.6396,0.5976,38.0,
2026-04-03 03:40:54 UTC,mlp_deep_ecfp6_kmer3__seed123,mlp_deep_ecfp6_kmer3__seed123,mlp,ecfp6_1024,kmer3_8000,concat,9942978.0,49.0,128.0,0.0005,scaffold_bemis_murcko_seed123,17299,2476,4925,1.1253,0.6882,0.6315,1.194,0.6263,0.5677,60.7,
2026-04-03 03:41:42 UTC,mlp_ecfp4_esm2_8M__seed123,mlp_ecfp4_esm2_8M__seed123,mlp,ecfp4_1024,esm2_8M_320,concat,854914.0,50.0,128.0,0.0005,scaffold_bemis_murcko_seed123,17299,2476,4925,1.1035,0.6859,0.6153,1.2141,0.6097,0.5505,42.0,
2026-04-03 03:42:37 UTC,mlp_chemberta_esm2_8M__seed123,mlp_chemberta_esm2_8M__seed123,mlp,chemberta_600,esm2_8M_320,concat,1816514.0,49.0,128.0,0.0005,scaffold_bemis_murcko_seed123,17299,2476,4925,1.1596,0.6455,0.5619,1.182,0.6396,0.6025,49.9,
2026-04-03 03:43:31 UTC,mlp_chemberta_prot_electra__seed123,mlp_chemberta_prot_electra__seed123,mlp,chemberta_600,prot_electra_256,concat,2799554.0,45.0,128.0,0.0005,scaffold_bemis_murcko_seed123,17299,2476,4925,1.1335,0.6647,0.5827,1.1179,0.6644,0.6256,47.4,MLP + ChemBERTa + ProtElectra-BFD 256-dim
2026-04-03 03:44:52 UTC,bica_ecfp4_aac__seed123,bica_ecfp4_aac__seed123,bica,ecfp4_1024,aac_20,bidirectional_cross_attn,1356545.0,34.0,128.0,0.0005,scaffold_bemis_murcko_seed123,17299,2476,4925,1.2414,0.5771,0.5012,1.3109,0.5089,0.4638,54.7,BiCA flat vectors: ECFP4 + AAC (each unsqueezed to seq_len=1)
2026-04-03 03:54:57 UTC,bica_chemberta_esm2_8M__seed123,bica_chemberta_esm2_8M__seed123,bica,chemberta_600,esm2_8M_320,bidirectional_cross_attn,1367809.0,43.0,128.0,0.0005,scaffold_bemis_murcko_seed123,17299,2476,4925,1.1807,0.6283,0.5162,1.1729,0.6289,0.5799,69.6,BiCA flat vectors: ChemBERTa + ESM-2 8M
2026-04-03 03:55:37 UTC,ridge_ecfp4_aac__seed456,ridge_ecfp4_aac__seed456,linear,ecfp4_1024,aac_20,concat,,,,,scaffold_bemis_murcko_seed456,17290,2573,4837,1.476,0.3489,0.2954,1.5051,0.413,0.3467,0.4,
2026-04-03 03:56:28 UTC,ridge_maccs_aac__seed456,ridge_maccs_aac__seed456,linear,maccs_167,aac_20,concat,,,,,scaffold_bemis_murcko_seed456,17290,2573,4837,1.2223,0.4013,0.3359,1.3356,0.3932,0.3,0.1,
2026-04-03 04:03:43 UTC,ridge_rdkit_aac__seed456,ridge_rdkit_aac__seed456,linear,rdkit_200,aac_20,concat,,,,,scaffold_bemis_murcko_seed456,17290,2573,4837,1.2269,0.4162,0.3455,1.367,0.3795,0.334,0.1,
2026-04-03 04:04:34 UTC,rf_ecfp4_aac__seed456,rf_ecfp4_aac__seed456,tree,ecfp4_1024,aac_20,concat,,,,,scaffold_bemis_murcko_seed456,17290,2573,4837,1.0005,0.6604,0.5752,1.0516,0.6941,0.6276,46.9,
2026-04-03 04:04:40 UTC,xgb_ecfp4_aac__seed456,xgb_ecfp4_aac__seed456,tree,ecfp4_1024,aac_20,concat,,,,,scaffold_bemis_murcko_seed456,17290,2573,4837,1.0782,0.585,0.4926,1.0838,0.6676,0.5886,2.5,
2026-04-03 04:04:52 UTC,lgbm_ecfp4_aac__seed456,lgbm_ecfp4_aac__seed456,tree,ecfp4_1024,aac_20,concat,,,,,scaffold_bemis_murcko_seed456,17290,2573,4837,1.0583,0.6012,0.501,1.0906,0.6628,0.581,8.5,
2026-04-03 04:13:51 UTC,xgb_chemberta_esm2_8M__seed456,xgb_chemberta_esm2_8M__seed456,tree,chemberta_600,esm2_8M_320,concat,,,,,scaffold_bemis_murcko_seed456,17290,2573,4837,1.0206,0.6377,0.5454,1.0693,0.6746,0.5955,8.8,
2026-04-03 04:14:00 UTC,xgb_ecfp4_esm2_8M__seed456,xgb_ecfp4_esm2_8M__seed456,tree,ecfp4_1024,esm2_8M_320,concat,,,,,scaffold_bemis_murcko_seed456,17290,2573,4837,1.0308,0.6285,0.5302,1.051,0.6913,0.6283,4.6,Ablation: ECFP4 + ESM-2 (protein upgrade only)
2026-04-03 04:14:09 UTC,xgb_chemberta_aac__seed456,xgb_chemberta_aac__seed456,tree,chemberta_600,aac_20,concat,,,,,scaffold_bemis_murcko_seed456,17290,2573,4837,1.0886,0.5712,0.4789,1.0918,0.6544,0.5672,6.1,Ablation: ChemBERTa + AAC (ligand upgrade only)
2026-04-03 04:53:39 UTC,xgb_chemberta_prot_electra__seed456,xgb_chemberta_prot_electra__seed456,tree,chemberta_600,prot_electra_256,concat,,,,,scaffold_bemis_murcko_seed456,17290,2573,4837,1.0323,0.6284,0.5519,1.0795,0.6707,0.5861,14.8,XGBoost + ChemBERTa + ProtElectra-BFD 256-dim
2026-04-03 04:54:27 UTC,mlp_shallow_ecfp4_aac__seed456,mlp_shallow_ecfp4_aac__seed456,mlp,ecfp4_1024,aac_20,concat,268546.0,67.0,128.0,0.0005,scaffold_bemis_murcko_seed456,17290,2573,4837,1.4454,0.4131,0.3762,1.4882,0.4499,0.4065,42.7,
2026-04-03 04:55:06 UTC,mlp_medium_ecfp4_dipeptide__seed456,mlp_medium_ecfp4_dipeptide__seed456,mlp,ecfp4_1024,dipeptide_400,concat,895874.0,29.0,128.0,0.0005,scaffold_bemis_murcko_seed456,17290,2573,4837,1.0538,0.6229,0.5415,1.1591,0.6464,0.5736,24.5,
2026-04-03 04:56:34 UTC,mlp_deep_ecfp6_kmer3__seed456,mlp_deep_ecfp6_kmer3__seed456,mlp,ecfp6_1024,kmer3_8000,concat,9942978.0,40.0,128.0,0.0005,scaffold_bemis_murcko_seed456,17290,2573,4837,1.0705,0.6051,0.506,1.1212,0.6602,0.5978,49.3,
2026-04-03 04:57:05 UTC,mlp_ecfp4_esm2_8M__seed456,mlp_ecfp4_esm2_8M__seed456,mlp,ecfp4_1024,esm2_8M_320,concat,854914.0,31.0,128.0,0.0005,scaffold_bemis_murcko_seed456,17290,2573,4837,1.0622,0.6081,0.5162,1.1233,0.6581,0.5916,25.2,
2026-04-03 04:57:45 UTC,mlp_chemberta_esm2_8M__seed456,mlp_chemberta_esm2_8M__seed456,mlp,chemberta_600,esm2_8M_320,concat,1816514.0,35.0,128.0,0.0005,scaffold_bemis_murcko_seed456,17290,2573,4837,1.0857,0.5873,0.4877,1.1627,0.5995,0.5004,35.1,
2026-04-03 04:58:48 UTC,mlp_chemberta_prot_electra__seed456,mlp_chemberta_prot_electra__seed456,mlp,chemberta_600,prot_electra_256,concat,2799554.0,54.0,128.0,0.0005,scaffold_bemis_murcko_seed456,17290,2573,4837,1.0482,0.6256,0.5487,1.1213,0.6448,0.5674,56.6,MLP + ChemBERTa + ProtElectra-BFD 256-dim
2026-04-03 05:00:48 UTC,bica_ecfp4_aac__seed456,bica_ecfp4_aac__seed456,bica,ecfp4_1024,aac_20,bidirectional_cross_attn,1356545.0,59.0,128.0,0.0005,scaffold_bemis_murcko_seed456,17290,2573,4837,1.2242,0.4941,0.4367,1.186,0.59,0.5208,94.6,BiCA flat vectors: ECFP4 + AAC (each unsqueezed to seq_len=1)
2026-04-03 05:10:46 UTC,bica_chemberta_esm2_8M__seed456,bica_chemberta_esm2_8M__seed456,bica,chemberta_600,esm2_8M_320,bidirectional_cross_attn,1367809.0,40.0,128.0,0.0005,scaffold_bemis_murcko_seed456,17290,2573,4837,1.0625,0.6053,0.5093,1.1901,0.5814,0.5024,65.5,BiCA flat vectors: ChemBERTa + ESM-2 8M
2026-04-03 05:11:03 UTC,ridge_ecfp4_aac__leakypdb,ridge_ecfp4_aac__leakypdb,linear,ecfp4_1024,aac_20,concat,,,,,leakypdb_cl1cl2,11231,2404,4838,1.645,0.4213,0.4285,1.6862,0.4161,0.4086,0.3,
2026-04-03 05:11:33 UTC,rf_ecfp4_aac__leakypdb,rf_ecfp4_aac__leakypdb,tree,ecfp4_1024,aac_20,concat,,,,,leakypdb_cl1cl2,11231,2404,4838,1.5237,0.4763,0.4665,1.5585,0.4895,0.4624,25.9,
2026-04-03 05:11:39 UTC,xgb_ecfp4_aac__leakypdb,xgb_ecfp4_aac__leakypdb,tree,ecfp4_1024,aac_20,concat,,,,,leakypdb_cl1cl2,11231,2404,4838,1.4516,0.5141,0.5057,1.5199,0.5094,0.4898,2.4,
2026-04-03 05:11:51 UTC,lgbm_ecfp4_aac__leakypdb,lgbm_ecfp4_aac__leakypdb,tree,ecfp4_1024,aac_20,concat,,,,,leakypdb_cl1cl2,11231,2404,4838,1.4674,0.4961,0.4879,1.5247,0.5091,0.4839,8.9,
2026-04-03 05:17:26 UTC,xgb_chemberta_esm2_8M__leakypdb,xgb_chemberta_esm2_8M__leakypdb,tree,chemberta_600,esm2_8M_320,concat,,,,,leakypdb_cl1cl2,11231,2404,4838,1.4227,0.5299,0.5091,1.5287,0.5084,0.478,9.1,
2026-04-03 05:17:35 UTC,xgb_ecfp4_esm2_8M__leakypdb,xgb_ecfp4_esm2_8M__leakypdb,tree,ecfp4_1024,esm2_8M_320,concat,,,,,leakypdb_cl1cl2,11231,2404,4838,1.4672,0.4965,0.4953,1.5421,0.4946,0.476,4.7,Ablation: ECFP4 + ESM-2 (protein upgrade only)
2026-04-03 05:17:45 UTC,xgb_chemberta_aac__leakypdb,xgb_chemberta_aac__leakypdb,tree,chemberta_600,aac_20,concat,,,,,leakypdb_cl1cl2,11231,2404,4838,1.4506,0.5162,0.4933,1.5488,0.4972,0.4717,6.9,Ablation: ChemBERTa + AAC (ligand upgrade only)
2026-04-03 05:18:09 UTC,mlp_ecfp4_esm2_8M__leakypdb,mlp_ecfp4_esm2_8M__leakypdb,mlp,ecfp4_1024,esm2_8M_320,concat,854914.0,35.0,128.0,0.0005,leakypdb_cl1cl2,11231,2404,4838,1.577,0.4679,0.4699,1.645,0.4681,0.4412,18.6,
2026-04-03 05:18:31 UTC,mlp_chemberta_esm2_8M__leakypdb,mlp_chemberta_esm2_8M__leakypdb,mlp,chemberta_600,esm2_8M_320,concat,1816514.0,25.0,128.0,0.0005,leakypdb_cl1cl2,11231,2404,4838,1.4367,0.5337,0.5219,1.5563,0.5045,0.4793,16.7,
2026-04-03 05:47:26 UTC,mlp_ecfp4_prot_electra__leakypdb,mlp_ecfp4_prot_electra__leakypdb,mlp,ecfp4_1024,prot_electra_256,concat,1346434.0,24.0,128.0,0.0005,leakypdb_cl1cl2,11231,2404,4838,1.5586,0.4689,0.4635,1.612,0.4829,0.4754,13.8,MLP + ECFP4 + ProtElectra-BFD 256-dim
2026-04-03 05:47:51 UTC,mlp_chemberta_prot_electra__leakypdb,mlp_chemberta_prot_electra__leakypdb,mlp,chemberta_600,prot_electra_256,concat,2799554.0,29.0,128.0,0.0005,leakypdb_cl1cl2,11231,2404,4838,1.4664,0.515,0.5044,1.6361,0.4679,0.4396,19.3,MLP + ChemBERTa + ProtElectra-BFD 256-dim
2026-04-03 05:53:37 UTC,bica_chemberta_esm2_8M__leakypdb,bica_chemberta_esm2_8M__leakypdb,bica,chemberta_600,esm2_8M_320,bidirectional_cross_attn,1367809.0,22.0,128.0,0.0005,leakypdb_cl1cl2,11231,2404,4838,1.4442,0.5253,0.5177,1.5955,0.4464,0.4252,24.8,BiCA flat vectors: ChemBERTa + ESM-2 8M
2026-04-03 06:22:33 UTC,bica_chemberta_prot_electra__leakypdb,bica_chemberta_prot_electra__leakypdb,bica,chemberta_600,prot_electra_256,bidirectional_cross_attn,1613569.0,28.0,128.0,0.0005,leakypdb_cl1cl2,11231,2404,4838,1.4226,0.5497,0.5356,1.5825,0.5236,0.4965,18.7,BiCA flat vectors: ChemBERTa + ProtElectra
2026-04-03 06:23:12 UTC,gcn_ecfp_esm2_8M__leakypdb,gcn_ecfp_esm2_8M__leakypdb,gcn,mol_graph,esm2_8M_320,graph,405377.0,25.0,128.0,0.0005,leakypdb_cl1cl2,11231,2404,4838,1.4477,0.4965,0.4952,1.5969,0.4299,0.4184,20.6,3-layer GCN + ESM-2 8M protein
2026-04-03 06:24:06 UTC,gat_ecfp_esm2_8M__leakypdb,gat_ecfp_esm2_8M__leakypdb,gat,mol_graph,esm2_8M_320,graph,406145.0,34.0,128.0,0.0005,leakypdb_cl1cl2,11231,2404,4838,1.4566,0.4915,0.4775,1.5839,0.4544,0.4331,36.4,3-layer GAT (4 heads) + ESM-2 8M protein
2026-04-03 06:54:34 UTC,ridge_chemberta_5M_esmc_300M,ridge_chemberta_5M_esmc_300M,linear,chemberta_5M,esmc_300M,concat,,,,,scaffold_bemis_murcko_seed42,17312,2673,4715,1.2986,0.5186,0.4433,1.3217,0.5581,0.503,0.4,Full grid - new embeddings
2026-04-03 06:54:38 UTC,ridge_chemberta_77M_esmc_300M,ridge_chemberta_77M_esmc_300M,linear,chemberta_77M,esmc_300M,concat,,,,,scaffold_bemis_murcko_seed42,17312,2673,4715,1.4275,0.4566,0.4416,1.3871,0.5091,0.4546,0.3,Full grid - new embeddings
2026-04-03 06:54:42 UTC,ridge_chemberta_100M_esmc_300M,ridge_chemberta_100M_esmc_300M,linear,chemberta_100M,esmc_300M,concat,,,,,scaffold_bemis_murcko_seed42,17312,2673,4715,1.3488,0.4837,0.4342,1.4509,0.5079,0.4309,0.4,Full grid - new embeddings
2026-04-03 06:55:51 UTC,xgb_chemberta_600_esmc_300M,xgb_chemberta_600_esmc_300M,tree,chemberta_600,esmc_300M,concat,,,,,scaffold_bemis_murcko_seed42,17312,2673,4715,1.0829,0.6505,0.5772,1.0627,0.7113,0.6341,11.4,Full grid - new embeddings
2026-04-03 06:56:03 UTC,xgb_chemberta_5M_esmc_300M,xgb_chemberta_5M_esmc_300M,tree,chemberta_5M,esmc_300M,concat,,,,,scaffold_bemis_murcko_seed42,17312,2673,4715,1.0638,0.6667,0.5814,1.0599,0.7133,0.6398,9.0,Full grid - new embeddings
2026-04-03 06:56:16 UTC,xgb_chemberta_77M_esmc_300M,xgb_chemberta_77M_esmc_300M,tree,chemberta_77M,esmc_300M,concat,,,,,scaffold_bemis_murcko_seed42,17312,2673,4715,1.0424,0.6824,0.6082,1.078,0.7018,0.6245,8.9,Full grid - new embeddings
2026-04-03 06:56:30 UTC,xgb_chemberta_100M_esmc_300M,xgb_chemberta_100M_esmc_300M,tree,chemberta_100M,esmc_300M,concat,,,,,scaffold_bemis_murcko_seed42,17312,2673,4715,1.0902,0.6444,0.5801,1.0716,0.7058,0.6208,11.2,Full grid - new embeddings
2026-04-03 06:57:51 UTC,mlp_chemberta_600_esmc_300M,mlp_chemberta_600_esmc_300M,mlp,chemberta_600,esmc_300M,concat,1051522.0,42.0,128.0,0.0005,scaffold_bemis_murcko_seed42,17312,2673,4715,1.0922,0.6539,0.5844,1.0978,0.6988,0.6241,20.5,Full grid - new embeddings
2026-04-03 06:58:15 UTC,mlp_chemberta_5M_esmc_300M,mlp_chemberta_5M_esmc_300M,mlp,chemberta_5M,esmc_300M,concat,854914.0,39.0,128.0,0.0005,scaffold_bemis_murcko_seed42,17312,2673,4715,1.0695,0.6721,0.6104,1.1378,0.6829,0.6187,19.2,Full grid - new embeddings
2026-04-03 06:58:35 UTC,mlp_chemberta_77M_esmc_300M,mlp_chemberta_77M_esmc_300M,mlp,chemberta_77M,esmc_300M,concat,854914.0,31.0,128.0,0.0005,scaffold_bemis_murcko_seed42,17312,2673,4715,1.0836,0.6648,0.6027,1.1172,0.6864,0.6139,15.3,Full grid - new embeddings
2026-04-03 06:59:05 UTC,mlp_chemberta_100M_esmc_300M,mlp_chemberta_100M_esmc_300M,mlp,chemberta_100M,esmc_300M,concat,1051522.0,51.0,128.0,0.0005,scaffold_bemis_murcko_seed42,17312,2673,4715,1.093,0.656,0.5885,1.1062,0.6933,0.6196,25.0,Full grid - new embeddings
2026-04-03 07:00:40 UTC,transformer_chemberta_600_esmc_300M,transformer_chemberta_600_esmc_300M,transformer,chemberta_600,esmc_300M,concat,1631745.0,23.0,128.0,0.0005,scaffold_bemis_murcko_seed42,17312,2673,4715,1.2052,0.5477,0.4779,1.2352,0.5875,0.5163,36.3,Full grid - new embeddings
2026-04-03 07:01:46 UTC,transformer_chemberta_5M_esmc_300M,transformer_chemberta_5M_esmc_300M,transformer,chemberta_5M,esmc_300M,concat,1631745.0,43.0,128.0,0.0005,scaffold_bemis_murcko_seed42,17312,2673,4715,1.1074,0.6547,0.5852,1.155,0.6893,0.6143,60.4,Full grid - new embeddings
2026-04-03 07:02:45 UTC,transformer_chemberta_77M_esmc_300M,transformer_chemberta_77M_esmc_300M,transformer,chemberta_77M,esmc_300M,concat,1631745.0,26.0,128.0,0.0005,scaffold_bemis_murcko_seed42,17312,2673,4715,1.1828,0.5679,0.484,1.1791,0.631,0.5552,54.4,Full grid - new embeddings
2026-04-03 07:04:29 UTC,transformer_chemberta_100M_esmc_300M,transformer_chemberta_100M_esmc_300M,transformer,chemberta_100M,esmc_300M,concat,1631745.0,48.0,128.0,0.0005,scaffold_bemis_murcko_seed42,17312,2673,4715,1.1256,0.6499,0.5924,1.1805,0.6645,0.6005,98.4,Full grid - new embeddings
2026-04-03 07:20:58 UTC,bica_chemberta_600_esmc_300M,bica_chemberta_600_esmc_300M,bica,chemberta_600,esmc_300M,bidirectional_cross_attn,1531649.0,45.0,128.0,0.0005,scaffold_bemis_murcko_seed42,17312,2673,4715,1.1429,0.6263,0.5542,1.1867,0.6518,0.5801,39.9,Full grid - new embeddings
2026-04-03 07:21:47 UTC,bica_chemberta_5M_esmc_300M,bica_chemberta_5M_esmc_300M,bica,chemberta_5M,esmc_300M,bidirectional_cross_attn,1433345.0,50.0,128.0,0.0005,scaffold_bemis_murcko_seed42,17312,2673,4715,1.1017,0.6489,0.5796,1.102,0.702,0.631,44.5,Full grid - new embeddings
2026-04-03 07:22:25 UTC,bica_chemberta_77M_esmc_300M,bica_chemberta_77M_esmc_300M,bica,chemberta_77M,esmc_300M,bidirectional_cross_attn,1433345.0,36.0,128.0,0.0005,scaffold_bemis_murcko_seed42,17312,2673,4715,1.1562,0.5992,0.5134,1.2441,0.5973,0.5201,33.8,Full grid - new embeddings
2026-04-03 07:23:16 UTC,bica_chemberta_100M_esmc_300M,bica_chemberta_100M_esmc_300M,bica,chemberta_100M,esmc_300M,bidirectional_cross_attn,1531649.0,52.0,128.0,0.0005,scaffold_bemis_murcko_seed42,17312,2673,4715,1.1375,0.6278,0.5482,1.2243,0.6223,0.5474,47.0,Full grid - new embeddings
2026-04-03 07:24:41 UTC,cnn_smiles_onehot_esmc_300M,cnn_smiles_onehot_esmc_300M,cnn,smiles_onehot,esmc_300M,concat,184833.0,46.0,128.0,0.0005,scaffold_bemis_murcko_seed42,17312,2673,4715,1.3749,0.3832,0.3384,1.3329,0.524,0.4183,27.5,
2026-04-03 07:39:30 UTC,distmat_cnn_distmat_100_esmc_300M,distmat_cnn_distmat_100_esmc_300M,distmat_cnn,distmat_100,esmc_300M,distmat,1766625.0,55.0,128.0,0.0005,scaffold_bemis_murcko_seed42,17312,2673,4715,1.1702,0.5973,0.5568,1.1423,0.6731,0.6119,885.1,
2026-04-03 07:41:23 UTC,gcn_mol_graph_esmc_300M,gcn_mol_graph_esmc_300M,gcn,mol_graph,esmc_300M,graph,733057.0,72.0,128.0,0.0005,scaffold_bemis_murcko_seed42,17312,2673,4715,1.1545,0.5955,0.525,1.2073,0.6276,0.5652,88.7,
2026-04-03 07:43:20 UTC,gat_mol_graph_esmc_300M,gat_mol_graph_esmc_300M,gat,mol_graph,esmc_300M,graph,733825.0,63.0,128.0,0.0005,scaffold_bemis_murcko_seed42,17312,2673,4715,1.113,0.6311,0.5739,1.2088,0.6326,0.5705,93.9,
2026-04-03 08:32:44 UTC,bica_chemberta_600_esm2_8M_320,bica_chemberta_600_esm2_8M_320,bica,chemberta_600,esm2_8M_320,bidirectional_cross_attn,1367809.0,41.0,128.0,0.0005,scaffold_bemis_murcko_seed42,17312,2673,4715,1.1581,0.6103,0.5387,1.1461,0.6728,0.6035,35.1,Full grid - new embeddings
2026-04-03 08:35:59 UTC,bica_chemberta_5M_esmc_300M,bica_chemberta_5M_esmc_300M,bica,chemberta_5M,esmc_300M,bidirectional_cross_attn,1433345.0,42.0,128.0,0.0005,scaffold_bemis_murcko_seed42,17312,2673,4715,1.1544,0.607,0.5395,1.203,0.6312,0.5734,39.2,Full grid - new embeddings
2026-04-03 08:37:52 UTC,bica_chemberta_5M_esm2_650M,bica_chemberta_5M_esm2_650M,bica,chemberta_5M,esm2_650M,bidirectional_cross_attn,1515265.0,43.0,128.0,0.0005,scaffold_bemis_murcko_seed42,17312,2673,4715,1.1349,0.6282,0.5731,1.1586,0.67,0.6004,38.3,Full grid - new embeddings
2026-04-03 08:41:27 UTC,bica_chemberta_esm2_8M_dsm,bica_chemberta_esm2_8M_dsm,bica,chemberta_600,esm2_8M_320,bidirectional_cross_attn,1367809.0,43.0,128.0,0.0005,scaffold_bemis_murcko_seed42,17312,2673,4715,1.173,0.5962,0.5249,1.1782,0.6609,0.6031,42.6,Phase2: BiCA + ChemBERTa + ESM-2 8M + DualBind DSM auxiliary loss
2026-04-03 10:26:22 UTC,bica_v2_full,bica_v2_full,bica_v2,mol_atom100,esm2_35M_perresidue,bica_v2_bica_v2,14115587.0,21.0,64.0,0.0005,scaffold_bemis_murcko_seed42,17312,2673,4715,1.416,0.1317,-0.2308,1.5081,0.1052,-0.1883,3310.3,BiCA v2 full: stacked cross-attn + attention pool + FFN
2026-04-03 12:46:17 UTC,concat_baseline,concat_baseline,bica_v2,mol_atom100,esm2_35M_perresidue,bica_v2_concat_baseline,1505025.0,30.0,64.0,0.0005,scaffold_bemis_murcko_seed42,17312,2673,4715,1.1449,0.5998,0.5258,1.2334,0.5819,0.5093,403.2,BiCA v2 ablation: no attention — concat projected features only
2026-04-03 13:27:35 UTC,bica_v2_singlelayer,bica_v2_singlelayer,bica_v2,mol_atom100,esm2_35M_perresidue,bica_v2_bica_v2_singlelayer,7810819.0,28.0,64.0,0.0005,scaffold_bemis_murcko_seed42,17312,2673,4715,1.1857,0.5618,0.5002,1.3167,0.4918,0.4509,2384.9,BiCA v2 ablation: 1 cross-attention layer (depth ablation)
2026-04-03 14:28:10 UTC,bica_v2_full,bica_v2_full,bica_v2,mol_atom100,esm2_35M_perresidue,bica_v2_bica_v2,3864323.0,39.0,32.0,0.0005,scaffold_bemis_murcko_seed42,17312,2673,4715,1.1135,0.6382,0.5655,1.2206,0.6341,0.5723,1242.5,BiCA v2 full: Pre-LN + stacked cross-attn + attention pool + FFN + warmup
2026-04-03 14:51:23 UTC,bica_v2_full,bica_v2_full,bica_v2,mol_atom100,esm2_35M_perresidue,bica_v2_bica_v2,3864323.0,37.0,32.0,0.0005,scaffold_bemis_murcko_seed42,17312,2673,4715,1.0626,0.6689,0.6149,1.1809,0.6351,0.5667,1200.0,BiCA v2 full: Pre-LN + stacked cross-attn + attention pool + FFN + warmup + dropout 0.3
2026-04-03 15:20:18 UTC,bica_v2_full,bica_v2_full,bica_v2,mol_atom100,esm2_35M_perresidue,bica_v2_bica_v2,3864323.0,44.0,32.0,0.0005,scaffold_bemis_murcko_seed42,17312,2673,4715,1.0922,0.6445,0.5755,1.2076,0.6206,0.557,1442.3,BiCA v2 full: Pre-LN + stacked cross-attn + attn pool + FFN + DropPath + warmup
2026-04-03 15:35:29 UTC,bica_v2_singlelayer,bica_v2_singlelayer,bica_v2,mol_atom100,esm2_35M_perresidue,bica_v2_bica_v2_singlelayer,2284803.0,33.0,32.0,0.0005,scaffold_bemis_murcko_seed42,17312,2673,4715,1.1149,0.6326,0.5603,1.1987,0.6394,0.5808,578.6,BiCA v2 ablation: 1 cross-attention layer (depth ablation)
2026-04-03 15:52:01 UTC,bica_v2_noffn,bica_v2_noffn,bica_v2,mol_atom100,esm2_35M_perresidue,bica_v2_bica_v2_noffn,1760003.0,47.0,32.0,0.0005,scaffold_bemis_murcko_seed42,17312,2673,4715,1.0936,0.6509,0.5819,1.2036,0.6464,0.5885,944.8,BiCA v2 ablation: no FFN block (pure cross-attention)
2026-04-03 15:59:42 UTC,concat_baseline,concat_baseline,bica_v2,mol_atom100,esm2_35M_perresidue,bica_v2_concat_baseline,704769.0,59.0,32.0,0.0005,scaffold_bemis_murcko_seed42,17312,2673,4715,1.1233,0.6428,0.5654,1.1302,0.6865,0.6186,415.4,BiCA v2 ablation: no attention — concat projected features only
2026-04-03 16:37:04 UTC,bica_v2_chemberta_tokens,bica_v2_chemberta_tokens,bica_v2,chemberta_tokens_ChemBERTa-zinc-base-v1,esm2_35M_perresidue,bica_v2_bica_v2,4040963.0,37.0,32.0,0.0005,scaffold_bemis_murcko_seed42,17312,2673,4715,1.1097,0.6379,0.57,1.1318,0.6811,0.6143,1321.4,BiCA v2: ESM-2 35M per-residue × ChemBERTa per-token (600-dim) cross-attention
2026-04-03 17:13:23 UTC,bica_v2_chemberta77M_tokens,bica_v2_chemberta77M_tokens,bica_v2,chemberta_tokens_ChemBERTa-77M-MLM,esm2_35M_perresidue,bica_v2_bica_v2,3942659.0,60.0,32.0,0.0005,scaffold_bemis_murcko_seed42,17312,2673,4715,1.07,0.6715,0.6046,1.1515,0.6781,0.6039,2033.5,BiCA v2: ESM-2 35M per-residue × ChemBERTa-77M per-token cross-attention
2026-04-04 05:49:45 UTC,bica_v2_chemberta77M_tokens,bica_v2_chemberta77M_tokens,bica_v2,chemberta_tokens_ChemBERTa-77M-MTR,esm2_35M_perresidue,bica_v2_bica_v2,3942659.0,31.0,32.0,0.0005,scaffold_bemis_murcko_seed42,17312,2673,4715,1.0872,0.6551,0.5763,1.1348,0.6765,0.612,1043.7,BiCA v2: ESM-2 35M per-residue × ChemBERTa-77M-MTR per-token cross-attention
2026-04-04 07:45:16 UTC,bica_v2_cb77M_mtr_esm2_150M,bica_v2_cb77M_mtr_esm2_150M,bica_v2,chemberta_tokens_ChemBERTa-77M-MTR,esm2_150M_perresidue,bica_v2_bica_v2,3983619.0,30.0,32.0,0.0005,scaffold_bemis_murcko_seed42,17312,2673,4715,1.0973,0.6494,0.5558,1.1433,0.6757,0.6144,1111.4,BiCA v2 best combo: ESM-2 150M per-residue × ChemBERTa-77M-MTR per-token
2026-04-04 08:23:43 UTC,bica_v2_chemberta77M_tokens__seed123,bica_v2_chemberta77M_tokens__seed123,bica_v2,chemberta_tokens_ChemBERTa-77M-MTR,esm2_35M_perresidue,bica_v2_bica_v2,3942659.0,37.0,32.0,0.0005,scaffold_bemis_murcko_seed123,17299,2476,4925,1.0789,0.6939,0.6122,1.1232,0.6665,0.6144,1319.0,BiCA v2: ESM-2 35M per-residue × ChemBERTa-77M-MTR per-token cross-attention
2026-04-04 08:51:55 UTC,bica_v2_chemberta77M_tokens__seed456,bica_v2_chemberta77M_tokens__seed456,bica_v2,chemberta_tokens_ChemBERTa-77M-MTR,esm2_35M_perresidue,bica_v2_bica_v2,3942659.0,36.0,32.0,0.0005,scaffold_bemis_murcko_seed456,17290,2573,4837,1.032,0.6307,0.5228,1.065,0.6763,0.6082,1286.4,BiCA v2: ESM-2 35M per-residue × ChemBERTa-77M-MTR per-token cross-attention
2026-04-04 11:56:32 UTC,psichic_zero_shot,psichic_zero_shot,psichic,psichic_graph,esm2_650M_contact,psichic_gnn,5871321.0,0.0,16.0,0.0,scaffold_bemis_murcko,17312,2673,4715,1.7237044173577176,0.3691815098272232,0.2602569170813396,1.7871824190396908,0.4558583054165135,0.3598912397132544,44.2,"PSICHIC pretrained PDBBind-v2020, zero-shot on BindingDB scaffold split"
2026-04-04 12:24:13 UTC,psichic_fine_tune,psichic_fine_tune,psichic,psichic_graph,esm2_650M_contact,psichic_gnn,5871321,5000,16,1e-05,scaffold_bemis_murcko,17312,2673,4715,1.1391275607612459,0.6045966290944116,0.5143827197718157,1.1760651039574912,0.630628728622376,0.5483440751785122,1552.9,PSICHIC fine-tuned from PDBv2020; 5000 iters lr=1e-05 on BindingDB scaffold split
